1.1.1.1	Alcohol dehydrogenase |Putative alcohol dehydrogenase D 
1.1.1.100	3-oxoacyl-[acyl-carrier-protein] reductase FabG |3-oxoacyl-[acyl-carrier-protein] reductase FabG1 |Rhamnolipids biosynthesis 3-oxoacyl-[acyl-carrier-protein] reductase 
1.1.1.103	L-threonine 3-dehydrogenase 
1.1.1.107	Pyridoxal 4-dehydrogenase (tPLDH) 
1.1.1.108	L-carnitine dehydrogenase (CDH) (L-CDH) 
1.1.1.127	2-dehydro-3-deoxy-D-gluconate 5-dehydrogenase 
1.1.1.130	"2,3-diketo-L-gulonate reductase (2,3-DKG reductase) 
1.1.1.132	GDP-mannose 6-dehydrogenase (GMD) 
1.1.1.133	dTDP-4-dehydrorhamnose reductase 
1.1.1.136	UDP-N-acetyl-D-glucosamine 6-dehydrogenase (UDP-D-GlcNAc 6-dehydrogenase) 
1.1.1.157	3-hydroxybutyryl-CoA dehydrogenase 
1.1.1.159	7-alpha-hydroxysteroid dehydrogenase (7-alpha-HSDH) 
1.1.1.169	Probable 2-dehydropantoate 2-reductase |2-dehydropantoate 2-reductase 
1.1.1.175	D-xylose 1-dehydrogenase (XDH) 
1.1.1.18	Inositol 2-dehydrogenase 
1.1.1.184	Aldo/keto reductase slr0942 (AKR) 
1.1.1.192	Long-chain-alcohol dehydrogenase 2 
1.1.1.2	Aldehyde reductase Ahr |Aldehyde reductase YahK 
1.1.1.203	Uronate dehydrogenase 
1.1.1.205	Inosine-5'-monophosphate dehydrogenase (IMP dehydrogenase) (IMPD) (IMPDH) 
1.1.1.22	UDP-glucose 6-dehydrogenase YwqF (UDP-Glc dehydrogenase) (UDP-GlcDH) (UDPGDH) 
1.1.1.23	Histidinol dehydrogenase (HDH) 
1.1.1.24	Quinate/shikimate dehydrogenase (NAD(+)) (QSDH) 
1.1.1.25	Shikimate dehydrogenase (NADP(+)) (SD) (SDH) |Shikimate dehydrogenase (NADP(+)) (SDH) 
1.1.1.251	Galactitol-1-phosphate 5-dehydrogenase 
1.1.1.261	Glycerol-1-phosphate dehydrogenase [NAD(P)+] (G1P dehydrogenase) (G1PDH) 
1.1.1.262	4-hydroxythreonine-4-phosphate dehydrogenase 
1.1.1.264	L-idonate 5-dehydrogenase (NAD(P)(+)) 
1.1.1.268	2-(R)-hydroxypropyl-CoM dehydrogenase (R-HPCDH) 
1.1.1.27	L-lactate dehydrogenase 1 (L-LDH 1) |L-lactate dehydrogenase 2 (L-LDH 2) |L-lactate dehydrogenase (L-LDH) 
1.1.1.271	"GDP-L-fucose synthase 
1.1.1.274	"2,5-diketo-D-gluconic acid reductase A (2,5-DKG reductase A) (2,5-DKGR A) (25DKGR-A) 
1.1.1.28	D-lactate dehydrogenase (D-LDH) 
1.1.1.281	GDP-6-deoxy-D-mannose reductase 
1.1.1.282	Quinate/shikimate dehydrogenase 
1.1.1.283	Glyoxal reductase (GR) 
1.1.1.290	Erythronate-4-phosphate dehydrogenase 
1.1.1.298	NADP-dependent 3-hydroxy acid dehydrogenase YdfG |Probable malonic semialdehyde reductase RutE 
1.1.1.30	D-beta-hydroxybutyrate dehydrogenase (BDH) 
1.1.1.302	"2,5-diamino-6-ribosylamino-4(3H)-pyrimidinone 5'-phosphate reductase (DAROPP reductase) (DARP reductase) 
1.1.1.308	"Sulfopropanediol 3-dehydrogenase 
1.1.1.310	(S)-sulfolactate dehydrogenase 
1.1.1.311	(S)-1-Phenylethanol dehydrogenase 
1.1.1.313	Sulfoacetaldehyde reductase 2 |Sulfoacetaldehyde reductase 
1.1.1.325	Sepiapterin reductase (SPR) (cSR) 
1.1.1.333	NAD-dependent decaprenylphosphoryl-D-2-keto erythropentose reductase 
1.1.1.335	UDP-N-acetyl-2-amino-2-deoxy-D-glucuronate oxidase 
1.1.1.336	UDP-N-acetyl-D-mannosamine dehydrogenase 
1.1.1.338	(2R)-3-sulfolactate dehydrogenase (NADP(+)) 
1.1.1.340	1-deoxy-11-beta-hydroxypentalenate dehydrogenase 
1.1.1.343	"6-phosphogluconate dehydrogenase, NAD(+)-dependent, decarboxylating 
1.1.1.350	Ureidoglycolate dehydrogenase (NAD(+)) 
1.1.1.36	Acetoacetyl-CoA reductase 
1.1.1.361	Glucose-6-phosphate 3-dehydrogenase 
1.1.1.37	Malate dehydrogenase 
1.1.1.370	scyllo-inositol 2-dehydrogenase (NAD(+)) 
1.1.1.371	scyllo-inositol 2-dehydrogenase (NADP(+)) 
1.1.1.373	3-sulfolactaldehyde reductase (SLA reductase) 
1.1.1.42	Isocitrate dehydrogenase [NADP] (IDH) 
1.1.1.44	"6-phosphogluconate dehydrogenase, decarboxylating |"6-phosphogluconate dehydrogenase, NADP(+)-dependent, decarboxylating 
1.1.1.49	Glucose-6-phosphate 1-dehydrogenase (G6PD) 
1.1.1.53	3-alpha-(or 20-beta)-hydroxysteroid dehydrogenase 
1.1.1.6	Glycerol dehydrogenase (GDH) (GLDH) 
1.1.1.60	2-hydroxy-3-oxopropionate reductase 
1.1.1.81	Hydroxypyruvate reductase (HPR) 
1.1.1.83	D-malate dehydrogenase [decarboxylating] 
1.1.1.85	3-isopropylmalate dehydrogenase 
1.1.1.86	Ketol-acid reductoisomerase 
1.1.1.87	Homoisocitrate dehydrogenase (HICDH) 
1.1.1.94	Glycerol-3-phosphate dehydrogenase [NAD(P)+] 
1.1.1.95	D-3-phosphoglycerate dehydrogenase (PGDH) 
1.1.2.7	Methanol dehydrogenase [cytochrome c] subunit 1 
1.1.2.8	Quinoprotein ethanol dehydrogenase (QEDH) 
1.1.3.15	L-2-hydroxyglutarate oxidase LhgO 
1.1.5.6	"Formate dehydrogenase, nitrate-inducible, major subunit 
1.1.98.2	F420-dependent glucose-6-phosphate dehydrogenase (FGD) (G6PD) |F420-dependent glucose-6-phosphate dehydrogenase (FGD) (FGD1) (G6PD) 
1.1.98.3	FAD-dependent decaprenylphosphoryl-beta-D-ribofuranose 2-oxidase 
1.1.99.28	Glucose--fructose oxidoreductase (GFOR) 
1.10.3.10	Cytochrome bd-II ubiquinol oxidase subunit 2 |Cytochrome bo(3) ubiquinol oxidase subunit 1 |Cytochrome bd-II ubiquinol oxidase subunit 1 
1.10.3.14	Cytochrome bd ubiquinol oxidase subunit X |Cytochrome bd-I ubiquinol oxidase subunit 2 |Cytochrome bd-I ubiquinol oxidase subunit 1 
1.10.3.9	Photosystem II protein D1 2 (PSII D1 protein 2) |Photosystem II protein D1 3 (PSII D1 protein 3) |Photosystem II D2 protein (PSII D2 protein) |Photosystem II protein D1 1 (PSII D1 protein 1) 
1.11.1.1	Reverse rubrerythrin-2 (revRbr 2) (NADH peroxidase) (NPXase) (Npx) |NADH peroxidase (NPXase) (Npx) |Reverse rubrerythrin-1 (revRbr 1) (NADH peroxidase) (NPXase) (Npx) |Rubrerythrin-1 (Rr 1) (NADH peroxidase) (NPXase) (Npx) 
1.11.1.15	Peroxiredoxin OsmC |Alkyl hydroperoxide reductase subunit C |Alkyl hydroperoxide reductase subunit C (MtAhpC) 
1.11.1.18	Putative non-heme bromoperoxidase BpoC 
1.11.1.19	Dye-decolorizing peroxidase Tfu_3078 (DyP) 
1.11.1.21	Catalase-peroxidase 2 (CP 2) |Catalase-peroxidase (CP) 
1.11.1.22	Hydroperoxy fatty acid reductase gpx1 |Hydroperoxy fatty acid reductase gpx2 
1.11.1.5	Cytochrome c551 peroxidase (Cytochrome c peroxidase) |Cytochrome c551 peroxidase (CCP) (Cytochrome c peroxidase) 
1.11.1.6	Catalase HPII |Catalase 
1.11.2.4	Fatty-acid peroxygenase 
1.12.7.2	Periplasmic [Fe] hydrogenase large subunit 
1.13.11.1	"Catechol 1,2-dioxygenase 
1.13.11.11	"Tryptophan 2,3-dioxygenase (TDO) 
1.13.11.16	"2,3-dihydroxyphenylpropionate/2,3-dihydroxicinnamic acid 1,2-dioxygenase 
1.13.11.2	"Catechol-2,3-dioxygenase 
1.13.11.24	"Quercetin 2,3-dioxygenase (Quercetinase) 
1.13.11.25	Iron-dependent extradiol dioxygenase 
1.13.11.29	"4,5-DOPA dioxygenase extradiol 
1.13.11.3	"Protocatechuate 3,4-dioxygenase beta chain |"Protocatechuate 3,4-dioxygenase alpha chain 
1.13.11.49	Chlorite dismutase 
1.13.11.5	"Homogentisate 1,2-dioxygenase (HGDO) 
1.13.11.57	Gallate dioxygenase 
1.13.11.6	"3-hydroxyanthranilate 3,4-dioxygenase 
1.13.11.61	Linolenate 9R-lipoxygenase 
1.13.11.79	"5,6-dimethylbenzimidazole synthase (DMB synthase) 
1.13.11.9	"2,5-dihydroxypyridine 5,6-dioxygenase (2,5-DHP dioxygenase) 
1.13.12.16	Nitronate monooxygenase 
1.14.11.17	Alpha-ketoglutarate-dependent taurine dioxygenase 
1.14.11.33	Alpha-ketoglutarate-dependent dioxygenase AlkB 
1.14.11.35	1-deoxypentalenic acid 11-beta-hydroxylase 
1.14.11.36	Pentalenolactone F synthase 
1.14.11.39	L-asparagine oxygenase 
1.14.11.n3	L-proline cis-4-hydroxylase (P4H) 
1.14.12.1	"Anthranilate 1,2-dioxygenase large subunit |"Anthranilate 1,2-dioxygenase small subunit 
1.14.12.17	Flavohemoprotein (FHP) (Flavohemoglobin) (Hemoglobin-like protein) (Nitric oxide dioxygenase) (NO oxygenase) (NOD) |Flavohemoprotein (Flavohemoglobin) (Hemoglobin-like protein) (Nitric oxide dioxygenase) (NO oxygenase) (NOD) 
1.14.12.18	"Biphenyl 2,3-dioxygenase subunit alpha |"Biphenyl 2,3-dioxygenase subunit beta |"Biphenyl dioxygenase subunit alpha 
1.14.12.19	3-phenylpropionate/cinnamic acid dioxygenase subunit alpha |3-phenylpropionate/cinnamic acid dioxygenase subunit beta 
1.14.13.113	FAD-dependent urate hydroxylase 
1.14.13.114	6-hydroxynicotinate 3-monooxygenase (6HNA monooxygenase) 
1.14.13.127	3-(3-hydroxy-phenyl)propionate/3-hydroxycinnamic acid hydroxylase (3-HCI hydroxylase) (3-HPP hydroxylase) 
1.14.13.133	Pentalenene oxygenase 
1.14.13.141	Steroid C26-monooxygenase 
1.14.13.142	3-ketosteroid-9-alpha-monooxygenase oxygenase subunit 
1.14.13.149	"1,2-phenylacetyl-CoA epoxidase, subunit A 
1.14.13.154	Erythromycin C-12 hydroxylase 
1.14.13.163	6-hydroxy-3-succinoylpyridine 3-monooxygenase HspB 
1.14.13.165	Nitric oxide synthase oxygenase 
1.14.13.171	Neopentalenolactone D synthase 
1.14.13.182	"2-heptyl-3-hydroxy-4(1H)-quinolone synthase 
1.14.13.188	6-deoxyerythronolide B hydroxylase (6-DEB hydroxylase) 
1.14.13.195	L-ornithine N(5)-monooxygenase 
1.14.13.2	p-hydroxybenzoate hydroxylase (PHBH) 
1.14.13.24	3-hydroxybenzoate 6-hydroxylase 
1.14.13.25	Methane monooxygenase component A gamma chain |Methane monooxygenase component A beta chain |Methane monooxygenase component C |Methane monooxygenase component A alpha chain 
1.14.13.59	L-lysine N6-monooxygenase MbtG 
1.14.13.70	Lanosterol 14-alpha demethylase 
1.14.13.9	Kynurenine 3-monooxygenase 
1.14.13.92	Phenylacetone monooxygenase (PAMO) 
1.14.14.12	"Flavin-dependent monooxygenase, oxygenase subunit HsaA 
1.14.14.9	4-hydroxyphenylacetate 3-monooxygenase oxygenase component 
1.14.15.11	Pentalenic acid synthase 
1.14.15.12	Biotin biosynthesis cytochrome P450 
1.14.15.13	Pulcherriminic acid synthase 
1.14.15.3	Alkane 1-monooxygenase 2 |Alkane 1-monooxygenase 1 
1.14.15.9	Spheroidene monooxygenase 
1.14.16.1	Phenylalanine-4-hydroxylase (PAH) 
1.14.18.3	Particulate methane monooxygenase alpha subunit |Particulate methane monooxygenase beta subunit 
1.14.19.6	Delta(12)-fatty-acid desaturase 
1.14.19.n4	Stearoyl-CoA 9-desaturase 
1.14.21.7	Biflaviolin synthase CYP158A1 |Biflaviolin synthase CYP158A2 
1.14.21.9	Mycocyclosin synthase 
1.14.99.15	Cytochrome p450 CYP199A2 
1.14.99.3	Heme oxygenase 1 |Heme-degrading monooxygenase HmoB |Heme oxygenase 2 |Heme-degrading monooxygenase HmoA |Heme oxygenase 
1.14.99.44	"Diapolycopene oxygenase 
1.14.99.46	Pyrimidine monooxygenase RutA 
1.14.99.48	Heme oxygenase (staphylobilin-producing) 2 |Heme oxygenase (staphylobilin-producing) 1 
1.15.1.1	Superoxide dismutase [Cu-Zn] 1 |Superoxide dismutase [Mn] 1 |Superoxide dismutase [Fe] |Superoxide dismutase [Cu-Zn] 
1.15.1.2	Desulfoferrodoxin (Dfx) |Desulfoferrodoxin (Dfx) (Superoxide reductase) (SOR) 
1.16.1.9	NADPH-dependent ferric-chelate reductase 
1.16.3.1	Multicopper oxidase MmcO |Bacterioferritin (BFR) |Ferritin BfrB 
1.16.3.2	Bacterial non-heme ferritin 
1.17.1.2	4-hydroxy-3-methylbut-2-enyl diphosphate reductase 
1.17.1.8	4-hydroxy-tetrahydrodipicolinate reductase (HTPA reductase) 
1.17.2.1	Nicotinate dehydrogenase subunit A |Nicotinate dehydrogenase subunit B 
1.17.4.1	Ribonucleoside-diphosphate reductase subunit alpha |Ribonucleoside-diphosphate reductase 1 subunit alpha |Ribonucleoside-diphosphate reductase 2 subunit alpha |Ribonucleoside-diphosphate reductase subunit beta |Ribonucleoside-diphosphate reductase 1 subunit beta |Ribonucleoside-diphosphate reductase subunit beta nrdF2 |Ribonucleoside-diphosphate reductase 2 subunit beta 
1.17.7.1	4-hydroxy-3-methylbut-2-en-1-yl diphosphate synthase (ferredoxin) 
1.17.7.3	4-hydroxy-3-methylbut-2-en-1-yl diphosphate synthase (flavodoxin) 
1.17.99.6	Epoxyqueuosine reductase 
1.18.1.1	NADH-rubredoxin oxidoreductase (NROR) |Rubredoxin-NAD(+) reductase (RdxR) 
1.18.1.2	Ferredoxin--NADP reductase (FNR) (Fd-NADP(+) reductase) |NADPH-ferredoxin reductase FprA (NFR) |Ferredoxin--NADP reductase 2 (FNR 2) (Fd-NADP(+) reductase 2) |Ferredoxin--NADP reductase (FNR) 
1.18.1.3	"Benzoate 1,2-dioxygenase electron transfer component [Includes: Ferredoxin; Ferredoxin--NAD(+) reductase |"Anthranilate 1,2-dioxygenase electron transfer component [Includes: Ferredoxin; Ferredoxin--NAD(+) reductase 
1.2.1.10	Acetaldehyde dehydrogenase 
1.2.1.11	Aspartate-semialdehyde dehydrogenase 2 (ASA dehydrogenase 2) (ASADH 2) |Aspartate-semialdehyde dehydrogenase 1 (ASA dehydrogenase 1) (ASADH 1) |Aspartate-semialdehyde dehydrogenase (ASA dehydrogenase) (ASADH) 
1.2.1.12	Glyceraldehyde-3-phosphate dehydrogenase A (GAPDH-A) |Glyceraldehyde-3-phosphate dehydrogenase 2 (GAPDH 2) |Glyceraldehyde-3-phosphate dehydrogenase 1 (GAPDH 1) |Glyceraldehyde-3-phosphate dehydrogenase (GAPDH) |Glyceraldehyde-3-phosphate dehydrogenase 1 (GAPDH) |Glyceraldehyde-3-phosphate dehydrogenase 3 (GAPDH 3) 
1.2.1.16	Succinate semialdehyde dehydrogenase [NAD(P)+] Sad (SSADH) (SSDH) 
1.2.1.19	Gamma-aminobutyraldehyde dehydrogenase 
1.2.1.20	Glutarate-semialdehyde dehydrogenase DavD 
1.2.1.26	"Alpha-ketoglutaric semialdehyde dehydrogenase (alphaKGSA dehydrogenase) 
1.2.1.3	Putative aldehyde dehydrogenase SAV2122 
1.2.1.41	Gamma-glutamyl phosphate reductase (GPR) 
1.2.1.5	Aldehyde dehydrogenase PuuC 
1.2.1.59	Glyceraldehyde-3-phosphate dehydrogenase 2 (GAPDH) |Glyceraldehyde-3-phosphate dehydrogenase 2 (GAPDH 2) 
1.2.1.69	Fluoroacetaldehyde dehydrogenase 
1.2.1.70	Glutamyl-tRNA reductase (GluTR) 
1.2.1.71	N-succinylglutamate 5-semialdehyde dehydrogenase 
1.2.1.72	D-erythrose-4-phosphate dehydrogenase (E4PDH) 
1.2.1.79	Putative succinate-semialdehyde dehydrogenase [NADP(+)] 2 (SSADH 2) (SSDH 2) |Succinate-semialdehyde dehydrogenase [NADP(+)] (SSDH) |Succinate-semialdehyde dehydrogenase [NADP(+)] GabD (SSDH) |Succinate-semialdehyde dehydrogenase [NADP(+)] 1 (SSADH 1) (SSDH 1) 
1.2.1.8	Betaine aldehyde dehydrogenase (BADH) |NAD/NADP-dependent betaine aldehyde dehydrogenase (BADH) 
1.2.1.80	Long-chain acyl-[acyl-carrier-protein] reductase (AAR) (Acyl-ACP reductase) 
1.2.1.81	Sulfoacetaldehyde dehydrogenase (acylating) 
1.2.1.88	1-pyrroline-5-carboxylate dehydrogenase 1 (P5C dehydrogenase 1) |1-pyrroline-5-carboxylate dehydrogenase (P5C dehydrogenase) 
1.2.1.9	NADP-dependent glyceraldehyde-3-phosphate dehydrogenase 
1.2.1.92	"3,6-anhydro-alpha-L-galactose dehydrogenase (AHG dehydrogenase) 
1.2.1.n2	Fatty acyl-CoA reductase 
1.2.2.3	Formate dehydrogenase 2 subunit alpha (cytochrome c-553) (FDH2 subunit alpha (cytochrome c-553)) 
1.2.3.3	Pyruvate oxidase 
1.2.4.1	Pyruvate dehydrogenase E1 component (PDH E1 component) |Pyruvate dehydrogenase E1 component (E1p) (PDH E1 component) 
1.2.4.4	2-oxoisovalerate dehydrogenase subunit beta |3-methyl-2-oxobutanoate dehydrogenase subunit alpha |2-oxoisovalerate dehydrogenase subunit alpha |3-methyl-2-oxobutanoate dehydrogenase subunit beta 
1.2.5.1	Pyruvate dehydrogenase [ubiquinone] 
1.2.7.10	Oxalate oxidoreductase subunit delta (OOR delta subunit) |Oxalate oxidoreductase subunit beta (OOR subunit beta) |Oxalate oxidoreductase subunit alpha (OOR subunit alpha) 
1.2.99.2	Carbon monoxide dehydrogenase large chain (CO dehydrogenase subunit L) (CO-DH L) 
1.20.4.3	Mycoredoxin 1 
1.21.98.1	Cyclic dehypoxanthine futalosine synthase (Cyclic DHFL synthase) 
1.3.1.1	NAD-dependent dihydropyrimidine dehydrogenase subunit PreA (DPD) |NAD-dependent dihydropyrimidine dehydrogenase subunit PreT (DPD) 
1.3.1.104	Enoyl-[acyl-carrier-protein] reductase [NADPH] FabL (ENR) 
1.3.1.12	Prephenate dehydrogenase (PDH) 
1.3.1.14	"Dihydroorotate dehydrogenase B (NAD(+)), catalytic subunit (DHOD B) (DHODase B) (DHOdehase B) 
1.3.1.28	"2,3-dihydro-2,3-dihydroxybenzoate dehydrogenase (DiDHB-DH) 
1.3.1.31	2-enoate reductase FldZ 
1.3.1.34	"2,4-dienoyl-CoA reductase [NADPH] 
1.3.1.44	Trans-2-enoyl-CoA reductase [NADH] (TER) 
1.3.1.56	"Cis-2,3-dihydrobiphenyl-2,3-diol dehydrogenase 
1.3.1.84	Probable acrylyl-CoA reductase AcuI |Acrylyl-CoA reductase AcuI 
1.3.1.86	Crotonyl-CoA reductase 
1.3.1.9	Enoyl-[acyl-carrier-protein] reductase [NADH] FabI (ENR) |Enoyl-[acyl-carrier-protein] reductase [NADH] (ENR) |Enoyl-[acyl-carrier-protein] reductase [NADH] 
1.3.1.91	tRNA-dihydrouridine(20/20a) synthase 
1.3.1.98	UDP-N-acetylenolpyruvoylglucosamine reductase 
1.3.1.n3	NADPH-dependent curcumin reductase 
1.3.3.3	Oxygen-dependent coproporphyrinogen-III oxidase (CPO) (Coprogen oxidase) (Coproporphyrinogenase) 
1.3.3.4	Protoporphyrinogen oxidase (PPO) 
1.3.5.1	Succinate dehydrogenase flavoprotein subunit |Fumarate reductase iron-sulfur subunit 
1.3.5.2	Dihydroorotate dehydrogenase (quinone) 
1.3.5.4	Fumarate reductase flavoprotein subunit 
1.3.5.5	15-cis-phytoene desaturase 
1.3.7.5	Phycocyanobilin:ferredoxin oxidoreductase (PCB:ferredoxin oxidoreductase) 
1.3.7.7	Light-independent protochlorophyllide reductase subunit N (DPOR subunit N) (LI-POR subunit N) |Light-independent protochlorophyllide reductase iron-sulfur ATP-binding protein (DPOR subunit L) (LI-POR subunit L) |Light-independent protochlorophyllide reductase subunit B (DPOR subunit B) (LI-POR subunit B) 
1.3.8.10	Cyclohex-1-ene-1-carbonyl-CoA dehydrogenase (Ch1CoA) 
1.3.8.11	Cyclohexane-1-carbonyl-CoA dehydrogenase (ChCoA) 
1.3.8.2	"Dehydrosqualene desaturase 
1.3.98.1	Dihydroorotate dehydrogenase A (fumarate) (DHOD A) (DHODase A) (DHOdehase A) 
1.3.99.22	Oxygen-independent coproporphyrinogen-III oxidase (CPO) 
1.3.99.27	"Hydroxyneurosporene desaturase (HND) (1-hydroxycarotenoid 3,4-dehydrogenase) (1-hydroxycarotenoid 3,4-desaturase) 
1.3.99.28	Phytoene desaturase (neurosporene-forming) 
1.3.99.33	Urocanate reductase 
1.3.99.4	3-oxosteroid 1-dehydrogenase 
1.4.1.1	Alanine dehydrogenase 
1.4.1.11	"L-erythro-3,5-diaminohexanoate dehydrogenase 
1.4.1.16	Meso-diaminopimelate D-dehydrogenase (DAPDH) (Meso-DAP dehydrogenase) 
1.4.1.2	Catabolic NAD-specific glutamate dehydrogenase RocG (NAD-GDH) |Cryptic catabolic NAD-specific glutamate dehydrogenase GudB (NAD-GDH) |NAD-specific glutamate dehydrogenase (NAD-GDH) 
1.4.1.21	L-aspartate dehydrogenase 
1.4.1.23	Valine dehydrogenase (ValDH) 
1.4.1.3	Glutamate dehydrogenase (GDH) 
1.4.1.4	NADP-specific glutamate dehydrogenase (NADP-GDH) 
1.4.3.16	L-aspartate oxidase (LASPO) 
1.4.3.19	Glycine oxidase (GO) 
1.4.3.20	L-lysine 6-oxidase 
1.4.3.21	Primary amine oxidase 
1.4.3.5	Pyridoxine/pyridoxamine 5'-phosphate oxidase 
1.4.7.1	Ferredoxin-dependent glutamate synthase 2 
1.4.99.1	FAD-dependent catabolic D-arginine dehydrogenase DauA |D-amino acid dehydrogenase 1 |D-amino acid dehydrogenase 
1.4.99.5	Hydrogen cyanide synthase subunit HcnB (HcnB) |Hydrogen cyanide synthase subunit HcnA (HcnA) |Hydrogen cyanide synthase subunit HcnC (HcnC) 
1.5.1.2	Pyrroline-5-carboxylate reductase (P5C reductase) (P5CR) 
1.5.1.20	"5,10-methylenetetrahydrofolate reductase 
1.5.1.21	Delta(1)-pyrroline-2-carboxylate/Delta(1)-piperideine-2-carboxylate reductase (Pyr2C/Pip2C reductase) 
1.5.1.24	N(5)-(carboxyethyl)ornithine synthase (CEOS) 
1.5.1.3	Dihydrofolate reductase |Dihydromonapterin reductase (H(2)-MPt reductase) 
1.5.1.34	Oxygen-insensitive NAD(P)H nitroreductase 
1.5.1.36	NADH-dependent flavin reductase subunit 1 |4-hydroxyphenylacetate 3-monooxygenase reductase component |"Flavin-dependent monooxygenase, reductase subunit HsaB |NADH-dependent flavin reductase subunit 2 
1.5.1.38	FMN reductase (NADPH) 
1.5.1.39	FMN reductase [NAD(P)H] 
1.5.1.42	FMN reductase (NADH) RutF 
1.5.1.43	Carboxynorspermidine synthase 
1.5.1.45	NAD(P)H-dependent FAD/FMN reductase GTNG_3158 (FAD/FMN reductase) 
1.5.1.47	Dihydromethanopterin reductase 
1.5.1.49	Delta(1)-pyrroline-2-carboxylate reductase 2 (Pyr2C reductase 2) |Delta(1)-pyrroline-2-carboxylate reductase (Pyr2C reductase) |Delta(1)-pyrroline-2-carboxylate reductase 1 (Pyr2C reductase 1) 
1.6.1.2	NAD(P) transhydrogenase subunit alpha |NAD(P) transhydrogenase subunit alpha part 1 |NAD(P) transhydrogenase subunit beta 
1.6.3.4	Flavo-diiron protein FprA2 (FDP 2) (Flavoprotein A2) (H(2)O-forming NADH oxidase) |Flavo-diiron protein FprA1 (FDP 1) (Flavoprotein A1) (H(2)O-forming NADH oxidase) 
1.6.5.11	NADH-quinone oxidoreductase subunit 15 
1.6.5.2	NADPH-dependent quinone reductase ArsH |NAD(P)H dehydrogenase (quinone) |Quinone oxidoreductase 2 |Glutathione-regulated potassium-efflux system ancillary protein KefF (Quinone oxidoreductase KefF) |Chromate reductase (CHRR) 
1.6.99.1	NADPH dehydrogenase 
1.6.99.3	NADH oxidase (NOXase) 
1.7.1.13	NADPH-dependent 7-cyano-7-deazaguanine reductase 
1.7.1.15	Nitrite reductase (NADH) small subunit 
1.7.2.1	Copper-containing nitrite reductase 
1.7.2.2	Cytochrome c-552 
1.7.2.5	Nitric oxide reductase subunit B 
1.7.2.6	Hydroxylamine oxidoreductase (HAO) 
1.7.99.1	Hydroxylamine reductase 
1.7.99.4	Nitrate reductase alpha subunit |Periplasmic nitrate reductase 
1.8.1.14	Coenzyme A disulfide reductase (CoA-disulfide reductase) (CoADR) 
1.8.1.15	Mycothione reductase 
1.8.1.2	Sulfite reductase [NADPH] flavoprotein alpha-component (SiR-FP) |Sulfite reductase [NADPH] hemoprotein beta-component (SiR-HP) (SiRHP) 
1.8.1.4	Dihydrolipoyl dehydrogenase |Dihydrolipoyl dehydrogenase (LPD) 
1.8.1.5	"2-oxopropyl-CoM reductase, carboxylating 
1.8.1.7	Glutathione reductase (GR) (GRase) 
1.8.1.8	Thiol:disulfide interchange protein DsbD 
1.8.1.9	Thioredoxin reductase (TR) (TRXR) |Thioredoxin reductase (TRXR) 
1.8.2.2	Thiosulfate dehydrogenase 
1.8.4.11	Peptide methionine sulfoxide reductase MsrA (Protein-methionine-S-oxide reductase) |Peptide methionine sulfoxide reductase MsrA 3 (Protein-methionine-S-oxide reductase 3) 
1.8.4.12	Peptide methionine sulfoxide reductase MsrB 
1.8.4.13	Biotin sulfoxide reductase (BDS reductase) (BSO reductase) 
1.8.4.14	Free methionine-R-sulfoxide reductase (fRMsr) 
1.8.5.3	Dimethyl sulfoxide reductase DmsA (DMSO reductase) (DMSOR) (Me2SO reductase) 
1.8.5.4	Sulfide-quinone reductase (SQR) 
1.8.7.1	Sulfite reductase [ferredoxin] 
1.8.7.2	"Ferredoxin-thioredoxin reductase, catalytic chain (FTR-C) 
1.8.99.1	Sulfite reductase SirA |Sulfite reductase MccA 
1.9.3.1	Cytochrome c oxidase polypeptide 2A |Cytochrome c oxidase polypeptide I+III |Cytochrome c oxidase subunit 2 |Cytochrome c oxidase subunit 1 
1.97.1.12	Photosystem I iron-sulfur center |Photosystem I P700 chlorophyll a apoprotein A1 |Photosystem I P700 chlorophyll a apoprotein A2 
2.1.1.10	Homocysteine S-methyltransferase 
2.1.1.13	"Methionine synthase 
2.1.1.133	Precorrin-4 C(11)-methyltransferase 
2.1.1.156	Glycine/sarcosine N-methyltransferase 
2.1.1.161	Dimethylglycine N-methyltransferase 
2.1.1.163	Demethylmenaquinone methyltransferase 
2.1.1.166	Ribosomal RNA large subunit methyltransferase E 
2.1.1.170	Ribosomal RNA small subunit methyltransferase G 
2.1.1.171	Ribosomal RNA small subunit methyltransferase D 
2.1.1.173	Ribosomal RNA large subunit methyltransferase L 
2.1.1.174	Ribosomal RNA large subunit methyltransferase G 
2.1.1.176	Ribosomal RNA small subunit methyltransferase B 
2.1.1.177	Ribosomal RNA large subunit methyltransferase H 
2.1.1.178	Ribosomal RNA small subunit methyltransferase F 
2.1.1.179	16S rRNA (guanine(1405)-N(7))-methyltransferase 
2.1.1.181	Ribosomal RNA large subunit methyltransferase F 
2.1.1.182	"Ribosomal RNA small subunit methyltransferase A 
2.1.1.185	23S rRNA (guanosine-2'-O-)-methyltransferase RlmB 
2.1.1.186	Ribosomal RNA large subunit methyltransferase M 
2.1.1.187	23S rRNA (guanine(745)-N(1))-methyltransferase 
2.1.1.189	23S rRNA (uracil(747)-C(5))-methyltransferase RlmC 
2.1.1.190	23S rRNA (uracil(1939)-C(5))-methyltransferase RlmD 
2.1.1.191	Ribosomal RNA large subunit methyltransferase I 
2.1.1.192	Dual-specificity RNA methyltransferase RlmN |Probable dual-specificity RNA methyltransferase RlmN 
2.1.1.193	Ribosomal RNA small subunit methyltransferase E 
2.1.1.196	Cobalt-precorrin-6B C(15)-methyltransferase (decarboxylating) 
2.1.1.197	Malonyl-[acyl-carrier protein] O-methyltransferase (Malonyl-ACP O-methyltransferase) 
2.1.1.198	Ribosomal RNA small subunit methyltransferase I 
2.1.1.199	Ribosomal RNA small subunit methyltransferase H 
2.1.1.200	tRNA (cytidine/uridine-2'-O-)-methyltransferase TrmJ 
2.1.1.207	tRNA (cytidine(34)-2'-O)-methyltransferase 
2.1.1.210	Demethylspheroidene O-methyltransferase 
2.1.1.215	tRNA (guanine(26)-N(2)/guanine(27)-N(2))-dimethyltransferase 
2.1.1.217	tRNA (adenine(22)-N(1))-methyltransferase 
2.1.1.220	tRNA (adenine(58)-N(1))-methyltransferase TrmI 
2.1.1.223	tRNA1(Val) (adenine(37)-N6)-methyltransferase 
2.1.1.228	tRNA (guanine-N(1)-)-methyltransferase 
2.1.1.242	Ribosomal RNA small subunit methyltransferase J 
2.1.1.254	Erythromycin 3''-O-methyltransferase 
2.1.1.255	Geranyl diphosphate 2-C-methyltransferase (GPP methyltransferase) 
2.1.1.264	Ribosomal RNA large subunit methyltransferase K 
2.1.1.265	Tellurite methyltransferase 
2.1.1.266	Ribosomal RNA large subunit methyltransferase J 
2.1.1.269	Dimethylsulfonioproprionate demethylase DmdA 
2.1.1.271	Cobalt-precorrin-4 C(11)-methyltransferase 
2.1.1.289	Cobalt-precorrin-7 C(5)-methyltransferase 
2.1.1.295	"2-methyl-6-phytyl-1,4-hydroquinone methyltransferase 
2.1.1.297	Release factor glutamine methyltransferase (RF MTase) 
2.1.1.298	50S ribosomal protein L3 glutamine methyltransferase (L3 MTase) 
2.1.1.35	tRNA/tmRNA (uracil-C(5))-methyltransferase 
2.1.1.37	Modification methylase AplI (M.AplI) 
2.1.1.44	Histidine N-alpha-methyltransferase 
2.1.1.45	Thymidylate synthase (TS) (TSase) |Thymidylate synthase 1 (TS 1) (TSase 1) 
2.1.1.61	tRNA 5-methylaminomethyl-2-thiouridine biosynthesis bifunctional protein MnmC (tRNA mnm(5)s(2)U biosynthesis bifunctional protein) [Includes: tRNA (mnm(5)s(2)U34)-methyltransferase 
2.1.1.63	Methylated-DNA--protein-cysteine methyltransferase |"Methylated-DNA--protein-cysteine methyltransferase, inducible |"Methylated-DNA--protein-cysteine methyltransferase, constitutive 
2.1.1.72	DNA adenine methyltransferase YhdJ 
2.1.1.74	Methylenetetrahydrofolate--tRNA-(uracil-5-)-methyltransferase TrmFO 
2.1.1.77	Protein-L-isoaspartate O-methyltransferase 
2.1.1.79	Cyclopropane mycolic acid synthase MmaA2 (CMAS) |Cyclopropane mycolic acid synthase 3 (CMAS) |Cyclopropane mycolic acid synthase 2 (CMAS) |Cyclopropane mycolic acid synthase 1 (CMAS) 
2.1.1.80	Chemotaxis protein methyltransferase Cher2 
2.1.2.1	Serine hydroxymethyltransferase 2 (SHM2) (SHMT 2) (Serine methylase 2) |Serine hydroxymethyltransferase (SHMT) (Serine methylase) |Serine hydroxymethyltransferase 1 (SHM1) (SHMT 1) (Serine methylase 1) 
2.1.2.10	Aminomethyltransferase 
2.1.2.11	3-methyl-2-oxobutanoate hydroxymethyltransferase 
2.1.2.2	Phosphoribosylglycinamide formyltransferase 
2.1.3.2	Aspartate carbamoyltransferase |Aspartate carbamoyltransferase catalytic chain 
2.1.3.3	Ornithine carbamoyltransferase (OTCase) |Ornithine carbamoyltransferase (OTC) (OTCase) |"Ornithine carbamoyltransferase, catabolic (OTCase) |Ornithine carbamoyltransferase chain I |Ornithine carbamoyltransferase chain F 
2.1.3.6	Putrescine carbamoyltransferase (PTC) (PTCase) 
2.1.3.9	N-acetylornithine carbamoyltransferase (AOTCase) 
2.10.1.1	Molybdopterin molybdenumtransferase (MPT Mo-transferase) 
2.2.1.1	Transketolase (TK) |Transketolase 1 (TK 1) 
2.2.1.2	Transaldolase B |Transaldolase 
2.2.1.6	Acetolactate synthase large subunit IlvG (ALS) |Acetolactate synthase large subunit IlvB1 (ALS) 
2.2.1.7	1-deoxy-D-xylulose-5-phosphate synthase 
2.2.1.9	2-succinyl-5-enolpyruvyl-6-hydroxy-3-cyclohexene-1-carboxylate synthase (SEPHCHC synthase) 
2.3.1.1	Amino-acid acetyltransferase 
2.3.1.101	Formyltransferase/hydrolase complex subunit D (Ftr complex) 
2.3.1.117	"2,3,4,5-tetrahydropyridine-2,6-dicarboxylate N-succinyltransferase 
2.3.1.118	"N-hydroxyarylamine O-acetyltransferase 
2.3.1.12	Dihydrolipoyllysine-residue acetyltransferase component of pyruvate dehydrogenase complex 
2.3.1.129	Acyl-[acyl-carrier-protein]--UDP-N-acetylglucosamine O-acyltransferase (UDP-N-acetylglucosamine acyltransferase) 
2.3.1.136	Polysialic acid O-acetyltransferase 
2.3.1.15	Glycerol-3-phosphate acyltransferase (GPAT) 
2.3.1.16	3-ketoacyl-CoA thiolase 
2.3.1.168	Dihydrolipoyllysine-residue acyltransferase component of branched-chain alpha-ketoacid dehydrogenase complex 
2.3.1.179	3-oxoacyl-[acyl-carrier-protein] synthase 2 
2.3.1.180	3-oxoacyl-[acyl-carrier-protein] synthase 3 |Beta-ketoacyl-[acyl-carrier-protein] synthase FabY (Beta-ketoacyl-ACP synthase) (KAS) 
2.3.1.181	Octanoyltransferase |Octanoyltransferase LipM 
2.3.1.182	(R)-citramalate synthase 
2.3.1.189	Mycothiol acetyltransferase (MSH acetyltransferase) 
2.3.1.191	UDP-3-O-(3-hydroxymyristoyl)glucosamine N-acyltransferase (UDP-3-O-(3-OHC14)-GlcN N-acyltransferase) 
2.3.1.193	tRNA(Met) cytidine acetyltransferase TmcA 
2.3.1.20	Probable diacyglycerol O-acyltransferase tgs3 (TGS3) |Putative diacyglycerol O-acyltransferase Rv3087 |Probable diacyglycerol O-acyltransferase Tgs4 (TGS4) |Probable diacyglycerol O-acyltransferase tgs1 (TGS1) 
2.3.1.200	Lipoyl-[GcvH]:protein N-lipoyltransferase 
2.3.1.201	"UDP-2-acetamido-3-amino-2,3-dideoxy-D-glucuronate N-acetyltransferase (UDP-D-GlcNAc3NA N-acetyltransferase) 
2.3.1.202	"UDP-4-amino-4,6-dideoxy-N-acetyl-beta-L-altrosamine N-acetyltransferase 
2.3.1.203	"UDP-N-acetylbacillosamine N-acetyltransferase 
2.3.1.204	Octanoyl-[GcvH]:protein N-octanoyltransferase 
2.3.1.207	Beta-ketodecanoyl-[acyl-carrier-protein] synthase 
2.3.1.210	"dTDP-fucosamine acetyltransferase 
2.3.1.222	Phosphate propanoyltransferase 
2.3.1.227	GDP-perosamine N-acetyltransferase 
2.3.1.228	Isovaleryl-homoserine lactone synthase (IV-HSL synthase) 
2.3.1.229	4-coumaroyl-homoserine lactone synthase 
2.3.1.230	2-heptyl-4(1H)-quinolone synthase PqsD (PqsD) 
2.3.1.233	"1,3,6,8-tetrahydroxynaphthalene synthase (THNS) 
2.3.1.234	tRNA N6-adenosine threonylcarbamoyltransferase 
2.3.1.241	Lipid A biosynthesis lauroyltransferase 
2.3.1.242	Lipid A biosynthesis palmitoleoyltransferase 
2.3.1.243	Lipid A biosynthesis myristoyltransferase 
2.3.1.29	2-amino-3-ketobutyrate coenzyme A ligase (AKB ligase) 
2.3.1.31	Homoserine O-acetyltransferase 
2.3.1.37	5-aminolevulinate synthase 
2.3.1.39	Polyketide biosynthesis protein PksE [Includes: Malonyl CoA-acyl carrier protein transacylase (MCT) |Malonyl CoA-acyl carrier protein transacylase (MCT) |Polyketide biosynthesis malonyl CoA-acyl carrier protein transacylase PksC (AT) |Polyketide biosynthesis protein BaeE [Includes: Malonyl CoA-acyl carrier protein transacylase (MCT) 
2.3.1.41	Phthiocerol/phenolphthiocerol synthesis polyketide synthase type I PpsC (Beta-ketoacyl-acyl-carrier-protein synthase I) |3-oxoacyl-[acyl-carrier-protein] synthase 2 |Phenolphthiocerol synthesis polyketide synthase type I Pks15/1 (Beta-ketoacyl-acyl-carrier-protein synthase I) |3-oxoacyl-[acyl-carrier-protein] synthase 1 |Phthiocerol/phenolphthiocerol synthesis polyketide synthase type I PpsE (Beta-ketoacyl-acyl-carrier-protein synthase I) |Phthiocerol/phenolphthiocerol synthesis polyketide synthase type I PpsA (Beta-ketoacyl-acyl-carrier-protein synthase I) |Phthiocerol synthesis polyketide synthase type I PpsE (Beta-ketoacyl-acyl-carrier-protein synthase I) |Phthiocerol/phenolphthiocerol synthesis polyketide synthase type I PpsB (Beta-ketoacyl-acyl-carrier-protein synthase I) 
2.3.1.47	8-amino-7-oxononanoate synthase 1 (AONS) |8-amino-7-oxononanoate synthase (AONS) 
2.3.1.54	PFL-like enzyme TdcE (Keto-acid formate acetyltransferase) (Keto-acid formate-lyase) (Ketobutyrate formate-lyase) (KFL) |Formate acetyltransferase 1 
2.3.1.57	Spermidine N(1)-acetyltransferase (SAT) |Spermidine/spermine N(1)-acetyltransferase (SSAT) (Protease synthase and sporulation negative regulatory protein PAI 1) (Spermidine N(1)-acetyltransferase) (SAT) |Spermine/spermidine acetyltransferase 
2.3.1.61	Dihydrolipoyllysine-residue succinyltransferase component of 2-oxoglutarate dehydrogenase complex 
2.3.1.8	Phosphate acetyltransferase 
2.3.1.89	"2,3,4,5-tetrahydropyridine-2,6-dicarboxylate N-acetyltransferase 
2.3.1.9	Acetyl-CoA acetyltransferase 
2.3.1.n2	Phosphate acyltransferase 
2.3.1.n3	Glycerol-3-phosphate acyltransferase (Acyl-PO4 G3P acyltransferase) (Acyl-phosphate--glycerol-3-phosphate acyltransferase) (G3P acyltransferase) (GPAT) 
2.3.1.n4	1-acyl-sn-glycerol-3-phosphate acyltransferase (1-AGP acyltransferase) (1-AGPAT) (1-acyl-G3P acyltransferase) 
2.3.2.13	Protein-glutamine gamma-glutamyltransferase 
2.3.2.16	Lipid II:glycine glycyltransferase 
2.3.2.17	Aminoacyltransferase FemA 
2.3.2.18	Aminoacyltransferase FemB 
2.3.2.21	Cyclo(L-tyrosyl-L-tyrosyl) synthase 
2.3.2.22	Cyclo(L-leucyl-L-leucyl) synthase 
2.3.2.3	Phosphatidylglycerol lysyltransferase 
2.3.3.13	2-isopropylmalate synthase 
2.3.3.16	Citrate synthase |Citrate synthase 1 
2.3.3.9	Malate synthase G |Malate synthase G (MSG) 
2.4.1.1	Maltodextrin phosphorylase 
2.4.1.10	Levansucrase 
2.4.1.109	Probable dolichyl-phosphate-mannose--protein mannosyltransferase 
2.4.1.11	"Glycogen synthase 
2.4.1.129	Peptidoglycan synthase FtsI 
2.4.1.15	"Alpha,alpha-trehalose-phosphate synthase [UDP-forming] 
2.4.1.157	"Alpha-monoglucosyldiacylglycerol synthase (Alpha-MGS) (MGlcDAG synthase) 
2.4.1.161	Oligosaccharide 4-alpha-D-glucosyltransferase 
2.4.1.18	"1,4-alpha-glucan branching enzyme TTHA1902 |"1,4-alpha-glucan branching enzyme GlgB 
2.4.1.180	UDP-N-acetyl-D-mannosaminuronic acid transferase (UDP-ManNAcA transferase) 
2.4.1.20	Cellobiose phosphorylase 
2.4.1.21	"Capsular glucan synthase 
2.4.1.211	"1,3-beta-galactosyl-N-acetylhexosamine phosphorylase Cphy3030 |"1,3-beta-galactosyl-N-acetylhexosamine phosphorylase Cphy0577 |"1,3-beta-galactosyl-N-acetylhexosamine phosphorylase 
2.4.1.213	Glucosylglycerol-phosphate synthase 
2.4.1.245	Trehalose synthase 
2.4.1.247	D-galactosyl-beta-1->4-L-rhamnose phosphorylase 
2.4.1.25	4-alpha-glucanotransferase 
2.4.1.250	D-inositol 3-phosphate glycosyltransferase 
2.4.1.266	Glucosyl-3-phosphoglycerate synthase 
2.4.1.268	Glucosylglycerate synthase 
2.4.1.270	Mannosylglucosyl-3-phosphoglycerate synthase 
2.4.1.278	3-alpha-mycarosylerythronolide B desosaminyl transferase 
2.4.1.279	Nigerose phosphorylase 
2.4.1.281	4-O-beta-D-mannosyl-D-glucose phosphorylase (MGP) (Mannosylglucose phosphorylase) 
2.4.1.282	3-O-alpha-D-glucosyl-L-rhamnose phosphorylase 
2.4.1.287	"Galactofuranosyl transferase GlfT1 (GalTr) 
2.4.1.288	"Galactofuranosyl transferase GlfT2 (GalTr) 
2.4.1.289	"N-acetylglucosaminyl-diphospho-decaprenol L-rhamnosyltransferase 
2.4.1.290	"N,N'-diacetylbacillosaminyl-diphospho-undecaprenol alpha-1,3-N-acetylgalactosaminyltransferase 
2.4.1.291	"N-acetylgalactosamine-N,N'-diacetylbacillosaminyl-diphospho-undecaprenol 4-alpha-N-acetylgalactosaminyltransferase 
2.4.1.292	"GalNAc-alpha-(1->4)-GalNAc-alpha-(1->3)-diNAcBac-PP-undecaprenol alpha-1,4-N-acetyl-D-galactosaminyltransferase 
2.4.1.293	"GalNAc(5)-diNAcBac-PP-undecaprenol beta-1,3-glucosyltransferase 
2.4.1.315	"Processive diacylglycerol beta-glucosyltransferase 
2.4.1.319	"Beta-1,4-mannooligosaccharide phosphorylase 
2.4.1.320	"1,4-beta-mannosyl-N-acetylglucosamine phosphorylase 
2.4.1.321	Cellobionic acid phosphorylase 
2.4.1.325	TDP-N-acetylfucosamine:lipid II N-acetylfucosaminyltransferase 
2.4.1.329	Sucrose 6(F)-phosphate phosphorylase 
2.4.1.332	"1,2-alpha-glucosylglycerol phosphorylase 
2.4.1.333	"1,2-beta-oligoglucan phosphorylase 
2.4.1.57	GDP-mannose-dependent alpha-(1-2)-phosphatidylinositol mannosyltransferase |GDP-mannose-dependent alpha-(1-6)-phosphatidylinositol dimannoside mannosyltransferase |GDP-mannose-dependent alpha-(1-6)-phosphatidylinositol monomannoside mannosyltransferase 
2.4.1.60	Abequosyltransferase RfbV 
2.4.1.9	Inulosucrase (IS) 
2.4.2.1	Purine nucleoside phosphorylase 2 |Purine nucleoside phosphorylase (PNP) |Purine nucleoside phosphorylase DeoD-type (PNP) |Purine nucleoside phosphorylase DeoD-type 1 (PNP 1) 
2.4.2.10	Orotate phosphoribosyltransferase (OPRT) (OPRTase) 
2.4.2.14	Amidophosphoribosyltransferase (ATase) 
2.4.2.17	ATP phosphoribosyltransferase (ATP-PRT) (ATP-PRTase) 
2.4.2.19	Probable nicotinate-nucleotide pyrophosphorylase [carboxylating] |Nicotinate-nucleotide pyrophosphorylase [carboxylating] 
2.4.2.2	Pyrimidine-nucleoside phosphorylase (PYNP) 
2.4.2.21	Nicotinate-nucleotide--dimethylbenzimidazole phosphoribosyltransferase (NN:DBI PRT) 
2.4.2.22	Xanthine phosphoribosyltransferase (XPRTase) |Xanthine phosphoribosyltransferase 
2.4.2.29	Queuine tRNA-ribosyltransferase 
2.4.2.3	Uridine phosphorylase (UPase) (UrdPase) 
2.4.2.31	Photox toxin |NAD(+)--arginine ADP-ribosyltransferase EFV 
2.4.2.36	Exotoxin A (ETA) 
2.4.2.4	Thymidine phosphorylase 
2.4.2.43	Undecaprenyl phosphate-alpha-4-amino-4-deoxy-L-arabinose arabinosyl transferase 
2.4.2.44	S-methyl-5'-thioinosine phosphorylase 
2.4.2.45	Decaprenyl-phosphate phosphoribosyltransferase 
2.4.2.46	Arabinofuranosyltransferase AftA 
2.4.2.47	Alpha-(1->3)-arabinofuranosyltransferase 
2.4.2.53	Undecaprenyl-phosphate 4-deoxy-4-formamido-L-arabinose transferase 
2.4.2.7	Adenine phosphoribosyltransferase (APRT) 
2.4.2.8	Hypoxanthine phosphoribosyltransferase (HPRT) 
2.4.2.9	Uracil phosphoribosyltransferase |Bifunctional protein pyrR [Includes: Pyrimidine operon regulatory protein; Uracil phosphoribosyltransferase (UPRTase) 
2.4.99.12	3-deoxy-D-manno-octulosonic acid transferase (Kdo transferase) 
2.4.99.16	"Alpha-1,4-glucan:maltose-1-phosphate maltosyltransferase 2 (GMPMT 2) |"Alpha-1,4-glucan:maltose-1-phosphate maltosyltransferase 1 (GMPMT 1) |"Alpha-1,4-glucan:maltose-1-phosphate maltosyltransferase (GMPMT) 
2.4.99.19	Undecaprenyl-diphosphooligosaccharide--protein glycotransferase 
2.5.1.10	"(2E,6E)-farnesyl diphosphate synthase (E,E-FPP synthase) (FPP synthase) 
2.5.1.101	"N,N'-diacetyllegionaminic acid synthase 
2.5.1.115	Homogentisate phytyltransferase (HPT) 
2.5.1.120	Aminodeoxyfutalosine synthase (AFL synthase) (Aminofutalosine synthase) 
2.5.1.15	Dihydropteroate synthase 1 (DHPS 1) |Dihydropteroate synthase (DHPS) |Bifunctional dihydropteroate synthase/dihydropteroate reductase [Includes: Dihydropteroate synthase (DHPS) 
2.5.1.16	Polyamine aminopropyltransferase (Putrescine aminopropyltransferase) (PAPT) (Spermidine synthase) (SPDS) (SPDSY) 
2.5.1.17	"Cob(I)yrinic acid a,c-diamide adenosyltransferase 
2.5.1.18	Glutathione S-transferase GstA |Glutathione S-transferase |Glutathione transferase FosA |Glutathione S-transferase GstB |Glutathione S-transferase YfcF 
2.5.1.19	3-phosphoshikimate 1-carboxyvinyltransferase 1 |3-phosphoshikimate 1-carboxyvinyltransferase 
2.5.1.27	Adenylate dimethylallyltransferase 
2.5.1.3	Thiamine-phosphate synthase (TP synthase) (TPS) 
2.5.1.30	Heptaprenyl diphosphate synthase component 2 (HepPP synthase subunit 2) |Heptaprenyl diphosphate synthase component 1 (HepPP synthase subunit 1) 
2.5.1.31	"Ditrans,polycis-undecaprenyl-diphosphate synthase ((2E,6E)-farnesyl-diphosphate specific) 
2.5.1.47	O-acetylserine sulfhydrylase (OAS sulfhydrylase) (OASS) |Cysteine synthase (CSase) |Cysteine synthase A (CSase A) |Cysteine synthase B (CSase B) 
2.5.1.48	Cystathionine gamma-synthase (CGS) 
2.5.1.54	Phospho-2-dehydro-3-deoxyheptonate aldolase |Phospho-2-dehydro-3-deoxyheptonate aldolase AroG 
2.5.1.55	2-dehydro-3-deoxyphosphooctonate aldolase 
2.5.1.6	S-adenosylmethionine synthase (AdoMet synthase) 
2.5.1.61	Porphobilinogen deaminase (PBG) 
2.5.1.68	"(2Z,6E)-farnesyl diphosphate synthase 
2.5.1.7	UDP-N-acetylglucosamine 1-carboxyvinyltransferase |UDP-N-acetylglucosamine 1-carboxyvinyltransferase 1 
2.5.1.72	Quinolinate synthase A 
2.5.1.74	"1,4-dihydroxy-2-naphthoate octaprenyltransferase (DHNA-octaprenyltransferase) 
2.5.1.75	tRNA dimethylallyltransferase 
2.5.1.78	"6,7-dimethyl-8-ribityllumazine synthase 1 (DMRL synthase 1) (LS 1) (Lumazine synthase 1) |"6,7-dimethyl-8-ribityllumazine synthase 2 (DMRL synthase 2) (LS 2) (Lumazine synthase 2) |"6,7-dimethyl-8-ribityllumazine synthase (DMRL synthase) (LS) (Lumazine synthase) 
2.5.1.86	"Decaprenyl diphosphate synthase (DecaPP) 
2.5.1.88	"Trans,polycis-polyprenyl diphosphate synthase ((2Z,6E)-farnesyl diphosphate specific) 
2.5.1.9	Riboflavin synthase (RS) 
2.5.1.90	Octaprenyl-diphosphate synthase 
2.5.1.94	Adenosyl-chloride synthase 
2.5.1.96	"Dehydrosqualene synthase 
2.5.1.97	Pseudaminic acid synthase 
2.5.1.99	All-trans-phytoene synthase (PSase) 
2.5.1.n9	Heptaprenylglyceryl phosphate synthase (HepGP synthase) 
2.6.1.1	Aspartate aminotransferase (AspAT) 
2.6.1.102	GDP-perosamine synthase 
2.6.1.104	3-oxo-glucose-6-phosphate:glutamate aminotransferase 
2.6.1.105	"L-Lysine--8-amino-7-oxononanoate transaminase 
2.6.1.13	Ornithine aminotransferase (OAT) 
2.6.1.16	Glutamine--fructose-6-phosphate aminotransferase [isomerizing] 
2.6.1.18	Beta-alanine--pyruvate aminotransferase (Beta-A--Py AT) 
2.6.1.19	4-aminobutyrate aminotransferase PuuE 
2.6.1.2	Glutamate-pyruvate aminotransferase AlaA |Glutamate-pyruvate aminotransferase AlaC 
2.6.1.30	Pyridoxamine--pyruvate transaminase 
2.6.1.34	"UDP-N-acetylbacillosamine transaminase 
2.6.1.39	2-aminoadipate transaminase 
2.6.1.42	Probable branched-chain-amino-acid aminotransferase (BCAT) |Branched-chain-amino-acid aminotransferase 2 (BCAT 2) |Branched-chain-amino-acid transaminase 1 (BCAT 1) |Branched-chain-amino-acid aminotransferase (BCAT) 
2.6.1.48	5-aminovalerate aminotransferase DavT 
2.6.1.51	Serine-pyruvate aminotransferase (SAT) 
2.6.1.52	Phosphoserine aminotransferase 
2.6.1.59	"dTDP-4-amino-4,6-dideoxygalactose transaminase 
2.6.1.62	"Adenosylmethionine-8-amino-7-oxononanoate aminotransferase 
2.6.1.66	Valine--pyruvate aminotransferase 
2.6.1.81	Succinylornithine transaminase (SOAT) 
2.6.1.82	Putrescine aminotransferase 
2.6.1.83	LL-diaminopimelate aminotransferase (DAP-AT) (DAP-aminotransferase) (LL-DAP-aminotransferase) 
2.6.1.84	Arginine--pyruvate transaminase AruH 
2.6.1.85	Aminodeoxychorismate synthase component 1 (ADC synthase) (ADCS) |"Aminodeoxychorismate synthase component 2 (ADC synthase) (ADCS) 
2.6.1.87	UDP-4-amino-4-deoxy-L-arabinose--oxoglutarate aminotransferase 
2.6.1.88	Methionine aminotransferase 
2.6.1.92	"UDP-4-amino-4,6-dideoxy-N-acetyl-beta-L-altrosamine transaminase 
2.6.1.98	UDP-2-acetamido-2-deoxy-3-oxo-D-glucuronate aminotransferase (UDP-3-oxo-D-GlcNAcA aminotransferase) 
2.6.99.2	Pyridoxine 5'-phosphate synthase (PNP synthase) 
2.7.1.100	Methylthioribose kinase (MTR kinase) 
2.7.1.107	Diacylglycerol kinase (DAG kinase) (DAGK) 
2.7.1.11	ATP-dependent 6-phosphofructokinase 1 (ATP-PFK 1) (Phosphofructokinase 1) |ATP-dependent 6-phosphofructokinase (ATP-PFK) (Phosphofructokinase) |ATP-dependent 6-phosphofructokinase isozyme 1 (ATP-PFK 1) (Phosphofructokinase 1) |ATP-dependent 6-phosphofructokinase isozyme 2 (ATP-PFK 2) (Phosphofructokinase 2) |ATP-dependent 6-phosphofructokinase 2 (ATP-PFK 2) (Phosphofructokinase 2) 
2.7.1.113	Deoxyguanosine kinase (DGUO kinase) (dGK) 
2.7.1.130	Tetraacyldisaccharide 4'-kinase 
2.7.1.148	4-diphosphocytidyl-2-C-methyl-D-erythritol kinase (CMK) 
2.7.1.15	Ribokinase 
2.7.1.162	N-acetylhexosamine 1-kinase 
2.7.1.165	D-glycerate 2-kinase (GCK) 
2.7.1.166	3-deoxy-D-manno-octulosonic acid kinase (Kdo kinase) 
2.7.1.167	D-beta-D-heptose 7-phosphate kinase 
2.7.1.170	Anhydro-N-acetylmuramic acid kinase 
2.7.1.175	Maltokinase (MaK) 
2.7.1.177	L-threonine kinase 
2.7.1.179	Kanosamine kinase 
2.7.1.180	FAD:protein FMN transferase 
2.7.1.182	Phytol kinase 
2.7.1.184	Sulfofructose kinase (SF kinase) 
2.7.1.2	Glucokinase 
2.7.1.20	Adenosine kinase (AK) 
2.7.1.23	NAD kinase |NAD kinase 1 
2.7.1.27	Erythritol kinase 
2.7.1.30	Glycerol kinase 
2.7.1.33	Type II pantothenate kinase |Type III pantothenate kinase 
2.7.1.35	Pyridoxine kinase 
2.7.1.39	Homoserine kinase (HK) (HSK) 
2.7.1.4	Putative fructokinase |Fructokinase 
2.7.1.40	Pyruvate kinase I 
2.7.1.45	2-dehydro-3-deoxygluconokinase 
2.7.1.5	L-Rhamnulokinase (RhaB) (RhuK) |Rhamnulokinase 
2.7.1.50	Hydroxyethylthiazole kinase 
2.7.1.51	L-fuculokinase 
2.7.1.53	L-xylulose/3-keto-L-gulonate kinase (L-xylulokinase) 
2.7.1.55	D-allose kinase (Allokinase) 
2.7.1.59	N-acetyl-D-glucosamine kinase |N-acetylgalactosamine kinase AgaK (GalNAc kinase) 
2.7.1.6	Galactokinase 
2.7.1.60	N-acetylmannosamine kinase 
2.7.1.66	Undecaprenol kinase (UdpK) 
2.7.1.69	PTS system N-acetylmuramic acid-specific EIIBC component (EIIBC-MurNAc) [Includes: N-acetylmuramic acid-specific phosphotransferase enzyme IIB component |Transcriptional regulator ManR (Mannose operon transcriptional activator) [Includes: Putative phosphotransferase enzyme IIB component |PTS system glucose-specific EIICBA component (EII-Glc/EIII-Glc) (EIICBA-Glc) [Includes: Glucose permease IIC component (PTS system glucose-specific EIIC component); Glucose-specific phosphotransferase enzyme IIB component |Negative regulator of SacY activity (PTS system sac EIIBC component) [Includes: Phosphotransferase enzyme IIB component |PTS system glucoside-specific EIICBA component (EIICBA-Glc 2) [Includes: Glucoside permease IIC component (PTS system glucoside-specific EIIC component); Glucoside-specific phosphotransferase enzyme IIB component |PTS system maltose-specific EIICB component [Includes: Maltose permease IIC component (PTS system maltose-specific EIIC component); Maltose-specific phosphotransferase enzyme IIB component |PTS system glucose-specific EIICBA component (EIICBA-Glc) (EII-Glc) (EIICBA-Glc 1) [Includes: Glucose permease IIC component (PTS system glucose-specific EIIC component); Glucose-specific phosphotransferase enzyme IIB component |"N,N'-diacetylchitobiose-specific phosphotransferase enzyme IIB component 
2.7.1.71	Shikimate kinase 2 (SK 2) |Shikimate kinase (SK) |Shikimate kinase 1 (SK 1) 
2.7.1.8	Glucosamine kinase GspK 
2.7.1.83	Pseudouridine kinase 
2.7.1.85	Beta-glucoside kinase 
2.7.1.90	"Pyrophosphate--fructose 6-phosphate 1-phosphotransferase 
2.7.1.92	5-dehydro-2-deoxygluconokinase 
2.7.10.2	Tyrosine-protein kinase YwqD |Lipopolysaccharide core heptose(I) kinase RfaP 
2.7.11.1	Serine/threonine-protein kinase PknD |Serine/threonine-protein kinase PknB |Serine/threonine-protein kinase PknF |Serine/threonine-protein kinase PknJ |Serine/threonine-protein kinase HipA (Ser/Thr-protein kinase HipA) |Serine/threonine-protein kinase CtkA (Ser/Thr-protein kinase CtkA) |Serine/threonine-protein kinase PrkC (Ser/Thr-protein kinase PrkC) |DNA damage-responsive serine/threonine-protein kinase RqkA |Serine/threonine-protein kinase PknK |Serine/threonine-protein kinase PknI |Serine-protein kinase RsbW |Serine/threonine protein kinase RdoA |Serine/threonine-protein kinase StkP (Ser/Thr-protein kinase StkP) |Serine/threonine-protein kinase PknA |Anti-sigma F factor |Serine/threonine-protein kinase PknE |Serine/threonine-protein kinase PknG |Stress response kinase A |Serine/threonine-protein kinase BtrW |Serine/threonine-protein kinase PknH |Serine/threonine-protein kinase RsbT |Serine/threonine-protein kinase PknL |Circadian clock protein kinase KaiC |Protein kinase YpkA (Protein kinase A) 
2.7.13.3	Probable sensor histidine kinase pdtaS |Tetrathionate sensor histidine kinase TtrS |Signal-transduction histidine kinase senX3 |Blue-light-activated protein [Includes: Blue-light-activated histidine kinase |Sensor histidine kinase DesK |Probable sensor histidine kinase NarS |Redox sensor histidine kinase response regulator DevS |Sensor protein BasS |Sensor histidine kinase YpdA |Blue-light-activated histidine kinase 2 |Sensor protein VraS |Sporulation kinase E |Sensor histidine kinase component HK2 |Oxygen sensor histidine kinase NreB |Sensor histidine kinase CssS |Sensor histidine kinase YehU |Sensor-type histidine kinase PrrB |Sensor histidine kinase GlnK |Sensor protein CseC |Sensor protein ZraS |Sensor protein kinase WalK |CAI-1 autoinducer sensor kinase/phosphatase CqsS |Sensor histidine kinase RegB |Histidine protein kinase SaeS |Signal transduction histidine-protein kinase/phosphatase DegS |Sensor histidine kinase TodS |Probable sensor histidine kinase TcrY |Sensor histidine kinase GlrK |Sensor histidine kinase QseE |Sensor histidine kinase MtrB |Sensor histidine kinase GraS |Autoinducer 1 sensor kinase/phosphatase LuxN |Sensor protein KdpD |Sensor histidine kinase DpiB |Sensor histidine kinase ResE |Adaptive-response sensory-kinase SasA |Cell-division control histidine kinase PdhS |Sporulation kinase D |Sensor protein CreC |Sensor protein PhoQ |Blue-light-activated histidine kinase 1 |Chemotaxis protein CheA |Signal transduction histidine-protein kinase ArlS |Sensor histidine kinase YycG |Sensor protein QseC |Sensor histidine kinase component HK1 |Signal transduction histidine-protein kinase/phosphatase MprB |Sensor protein CitS |Probable sensor-like histidine kinase YedV |Heme sensor protein HssS |Signal transduction histidine-protein kinase BaeS |Globin-coupled histidine kinase |Blue-light-activated histidine kinase |Sensor kinase CusS |Sensor histidine kinase RcsC |Virulence sensor histidine kinase PhoQ 
2.7.14.1	Protein-arginine kinase 
2.7.2.1	Acetate kinase 
2.7.2.11	Glutamate 5-kinase 
2.7.2.15	Propionate kinase 
2.7.2.2	Carbamate kinase 1 
2.7.2.3	Phosphoglycerate kinase 
2.7.2.4	Aspartokinase 2 |Aspartate kinase |Aspartate kinase Ask_Ect |Aspartokinase |Aspartate kinase Ask_LysC |Aspartokinase 3 
2.7.2.7	Probable butyrate kinase 2 (BK 2) 
2.7.2.8	Acetylglutamate kinase 
2.7.3.9	"Phosphoenolpyruvate-protein phosphotransferase 
2.7.4.1	Polyphosphate kinase 
2.7.4.16	Thiamine-monophosphate kinase (TMP kinase) (Thiamine-phosphate kinase) 
2.7.4.22	Uridylate kinase (UK) 
2.7.4.23	"Ribose 1,5-bisphosphate phosphokinase PhnN 
2.7.4.25	Cytidylate kinase (CK) 
2.7.4.3	Adenylate kinase (AK) 
2.7.4.6	Nucleoside diphosphate kinase (NDK) (NDP kinase) |Nucleoside diphosphate kinase (NDK) (NDKA) (NDP kinase) 
2.7.4.8	Guanylate kinase 
2.7.6.1	Ribose-phosphate pyrophosphokinase (RPPK) 
2.7.6.3	"2-amino-4-hydroxy-6-hydroxymethyldihydropteridine pyrophosphokinase 
2.7.6.5	GTP pyrophosphokinase YjbM |GTP pyrophosphokinase rsh |GTP pyrophosphokinase |GTP pyrophosphokinase YwaC 
2.7.7.12	Galactose-1-phosphate uridylyltransferase (Gal-1-P uridylyltransferase) 
2.7.7.13	Mannose-1-phosphate guanylyltransferase 1 
2.7.7.19	Poly(A) polymerase I (PAP I) 
2.7.7.24	Glucose-1-phosphate thymidylyltransferase |Glucose-1-phosphate thymidylyltransferase 2 (G1P-TT 2) |Glucose-1-phosphate thymidylyltransferase 1 (G1P-TT 1) 
2.7.7.27	Glucose-1-phosphate adenylyltransferase 
2.7.7.3	Phosphopantetheine adenylyltransferase 
2.7.7.33	Glucose-1-phosphate cytidylyltransferase 
2.7.7.4	Sulfate adenylyltransferase 
2.7.7.42	Glutamate-ammonia-ligase adenylyltransferase 
2.7.7.43	N-acylneuraminate cytidylyltransferase 
2.7.7.53	"AP-4-A phosphorylase 
2.7.7.56	Ribonuclease PH (RNase PH) 
2.7.7.59	Bifunctional uridylyltransferase/uridylyl-removing enzyme (UTase/UR) (Bifunctional [protein-PII] modification enzyme) (Bifunctional nitrogen sensor protein) [Includes: [Protein-PII] uridylyltransferase (PII uridylyltransferase) (UTase) 
2.7.7.6	DNA-directed RNA polymerase subunit omega (RNAP omega subunit) |DNA-directed RNA polymerase subunit beta' (RNAP subunit beta') |DNA-directed RNA polymerase subunit beta (RNAP subunit beta) |DNA-directed RNA polymerase subunit alpha (RNAP subunit alpha) 
2.7.7.61	Apo-citrate lyase phosphoribosyl-dephospho-CoA transferase 
2.7.7.63	Lipoate-protein ligase LplJ |Lipoate-protein ligase A 
2.7.7.65	Probable diguanylate cyclase AdrA (DGC) |Probable diguanylate cyclase YfiN (DGC) |Probable diguanylate cyclase YdaM (DGC) |Diguanylate cyclase VdcA (DGC) |Diguanylate cyclase YdeH (DGC) |Probable diguanylate cyclase YcdT (DGC) |Probable diguanylate cyclase YeaP (DGC) 
2.7.7.68	2-phospho-L-lactate guanylyltransferase (LP guanylyltransferase) 
2.7.7.7	DNA polymerase IV (Pol IV) |DNA polymerase III subunit beta |DNA polymerase III PolC-type (PolIII) |DNA polymerase III subunit theta |DNA polymerase III subunit epsilon |DNA polymerase/3'-5' exonuclease PolX [Includes: DNA polymerase type-X |DNA polymerase III subunit alpha 
2.7.7.70	D-beta-D-heptose 1-phosphate adenylyltransferase 
2.7.7.72	"Multifunctional CCA protein [Includes: CCA-adding enzyme 
2.7.7.75	Molybdopterin adenylyltransferase (MPT adenylyltransferase) 
2.7.7.76	Molybdenum cofactor cytidylyltransferase (MoCo cytidylyltransferase) 
2.7.7.77	Molybdenum cofactor guanylyltransferase (MoCo guanylyltransferase) 
2.7.7.8	Polyribonucleotide nucleotidyltransferase 
2.7.7.80	Molybdopterin-synthase adenylyltransferase 
2.7.7.82	"CMP-N,N'-diacetyllegionaminic acid synthase 
2.7.7.85	DNA integrity scanning protein DisA (Cyclic di-AMP synthase) (c-di-AMP synthase) (Diadenylate cyclase) |Diadenylate cyclase |DNA integrity scanning protein DisA (Cyclic-di-AMP synthase) (c-di-AMP synthase) (Diadenylate cyclase) 
2.7.7.87	Threonylcarbamoyl-AMP synthase (TC-AMP synthase) 
2.7.7.9	UTP--glucose-1-phosphate uridylyltransferase 
2.7.7.n1	Adenosine monophosphate-protein transferase VopS |Adenosine monophosphate-protein transferase NmFic |Adenosine monophosphate-protein transferase SoFic |Adenosine monophosphate-protein transferase |Adenosine monophosphate-protein transferase and cysteine protease IbpA (HMW IgBP) (p120) [Cleaved into: Protein p76 IgBP (76 kDa antigen)] [Includes: Adenosine monophosphate-protein transferase IbpA 
2.7.8.12	CDP-glycerol:poly(glycerophosphate) glycerophosphotransferase 
2.7.8.13	Phospho-N-acetylmuramoyl-pentapeptide-transferase 
2.7.8.24	Phosphatidylcholine synthase (PC synthase) (PCS) 
2.7.8.26	Adenosylcobinamide-GDP ribazoletransferase 
2.7.8.31	UDP-glucose:undecaprenyl-phosphate glucose-1-phosphate transferase (UDP-Glc:Und-P Glc-1-P transferase) 
2.7.8.33	Undecaprenyl-phosphate alpha-N-acetylglucosaminyl 1-phosphate transferase 
2.7.8.35	Decaprenyl-phosphate N-acetylglucosaminephosphotransferase 
2.7.8.36	"Undecaprenyl phosphate N,N'-diacetylbacillosamine 1-phosphate transferase 
2.7.8.37	Alpha-D-ribose 1-methylphosphonate 5-triphosphate synthase subunit PhnH (RPnTP synthase subunit PhnH) |Alpha-D-ribose 1-methylphosphonate 5-triphosphate synthase subunit PhnL (RPnTP synthase subunit PhnL) |Alpha-D-ribose 1-methylphosphonate 5-triphosphate synthase subunit PhnI (RPnTP synthase subunit PhnI) |Alpha-D-ribose 1-methylphosphonate 5-triphosphate synthase subunit PhnG (RPnTP synthase subunit PhnG) 
2.7.8.7	Holo-[acyl-carrier-protein] synthase (Holo-ACP synthase) 
2.7.9.2	"Phosphoenolpyruvate synthase (PEP synthase) 
2.8.1.1	Thiosulfate sulfurtransferase YnjE |Putative thiosulfate sulfurtransferase SseA |Putative thiosulfate sulfurtransferase 
2.8.1.10	Thiazole synthase 
2.8.1.2	3-mercaptopyruvate sulfurtransferase (MST) 
2.8.1.4	tRNA sulfurtransferase 
2.8.1.6	Biotin synthase 
2.8.1.7	Cysteine desulfurase SufS |IscS-like cysteine desulfurase |Probable cysteine desulfurase |Cysteine desulfurase IscS 
2.8.1.8	Lipoyl synthase 
2.8.3.16	Formyl-CoA:oxalate CoA-transferase (FCOCT) 
2.8.3.19	Acetyl-CoA:oxalate CoA-transferase (ACOCT) 
2.8.3.21	L-carnitine CoA-transferase 
2.8.3.8	Acetate CoA-transferase YdiF 
2.8.4.2	Arsenate-mycothiol transferase ArsC1 |Arsenate-mycothiol transferase ArsC2 
2.8.4.3	tRNA-2-methylthio-N(6)-dimethylallyladenosine synthase 
2.8.4.4	Ribosomal protein S12 methylthiotransferase RimO (S12 MTTase) (S12 methylthiotransferase) 
2.8.4.5	Threonylcarbamoyladenosine tRNA methylthiotransferase MtaB 
2.9.1.1	L-seryl-tRNA(Sec) selenium transferase 
3.1.1.1	Esterase EstA |Esterase TesA |Carboxylesterase YbfK |Esterase EstD |Uncharacterized carboxylesterase nap |Carboxylesterase LipF |Carboxylesterase NlhH |Lipase LipV 
3.1.1.11	Pectinesterase A (PE A) 
3.1.1.22	D-(-)-3-hydroxybutyrate oligomer hydrolase (3HB-oligomer hydrolase) (3HBOH) 
3.1.1.27	4-pyridoxolactonase 
3.1.1.29	Peptidyl-tRNA hydrolase (PTH) |Peptidyl-tRNA hydrolase ArfB (PTH) 
3.1.1.3	Lactonizing lipase |Lipase 1 |Lipase EstA (Lipase A) |Lipase 2 
3.1.1.31	6-phosphogluconolactonase (6-P-gluconolactonase) (Pgl) |6-phosphogluconolactonase 
3.1.1.5	Acyl-CoA thioesterase I 
3.1.1.61	Chemotaxis response regulator protein-glutamate methylesterase 
3.1.1.72	Acetylxylan esterase |Peptidoglycan deacetylase (PG deacetylase) 
3.1.1.73	Carbohydrate acetyl esterase/feruloyl esterase [Includes: Carbohydrate acetyl esterase 
3.1.1.77	Lipid A deacylase PagL 
3.1.1.81	N-acyl homoserine lactonase (AHL-lactonase) 
3.1.1.96	D-aminoacyl-tRNA deacylase 
3.1.11.1	Exodeoxyribonuclease I (ExoI) (Exonuclease I) 
3.1.11.2	Exodeoxyribonuclease III (EXO III) (Exonuclease III) 
3.1.11.5	RecBCD enzyme subunit RecD |RecBCD enzyme subunit RecB |RecBCD enzyme subunit RecC 
3.1.13.1	Ribonuclease R (RNase R) |Exoribonuclease 2 
3.1.13.5	Ribonuclease D (RNase D) 
3.1.2.12	S-formylglutathione hydrolase FrmB (FGH) |S-formylglutathione hydrolase YeiG (FGH) 
3.1.2.28	"1,4-dihydroxy-2-naphthoyl-CoA hydrolase (DHNA-CoA hydrolase) 
3.1.2.30	(3S)-malyl-CoA thioesterase 
3.1.2.6	Hydroxyacylglutathione hydrolase 
3.1.21.2	Endonuclease 4 |Probable endonuclease 4 
3.1.21.4	Type-2 restriction enzyme AplI (R.AplI) 
3.1.21.7	Endonuclease V (EndoV) |Endonuclease V 
3.1.22.4	Crossover junction endodeoxyribonuclease RuvC 
3.1.26.11	Ribonuclease Z (RNase Z) 
3.1.26.12	Ribonuclease E (RNase E) 
3.1.26.3	Ribonuclease 3 
3.1.26.4	Ribonuclease H (RNase H) |Ribonuclease HI (RNase HI) 
3.1.26.5	Ribonuclease P protein component (RNase P protein) (RNaseP protein) 
3.1.26.8	Ribonuclease M5 
3.1.3.1	Alkaline phosphatase PhoD (ALPI) |Alkaline phosphatase H |Alkaline phosphatase (APase) |Alkaline phosphatase L (L-AP) 
3.1.3.10	Alpha-D-glucose 1-phosphate phosphatase YihX (Alpha-D-glucose-1-P phosphatase) 
3.1.3.11	"Fructose-1,6-bisphosphatase class 2 (FBPase class 2) |"Fructose-1,6-bisphosphatase class 1 (FBPase class 1) |"Fructose-1,6-bisphosphatase 2 class 2 (FBPase 2 class 2) |"Fructose-1,6-bisphosphatase 1 class 2 (FBPase 1 class 2) 
3.1.3.12	Trehalose-6-phosphate phosphatase (TPP) |Trehalose-phosphate phosphatase (TPP) 
3.1.3.16	Protein phosphatase PhpP |PP2C-family Ser/Thr phosphatase |Serine/threonine phosphatase stp 
3.1.3.18	Phosphoglycolate phosphatase (PGP) (PGPase) 
3.1.3.2	Class B acid phosphatase (CBAP) 
3.1.3.23	Sugar phosphatase YfbT |Sugar phosphatase YbiV |Sugar phosphatase YidA 
3.1.3.25	Inositol-1-monophosphatase SuhB (I-1-Pase) (IMPase) (Inositol-1-phosphatase) |Inositol-1-monophosphatase (I-1-Pase) (IMPase) (Inositol-1-phosphatase) 
3.1.3.27	Phosphatidylglycerophosphatase A |Phosphatidylglycerophosphatase C 
3.1.3.3	Phosphoserine phosphatase (PSP) (PSPase) |Phosphoserine phosphatase ThrH (PSP) (PSPase) |Phosphoserine phosphatase RsbU |Phosphoserine phosphatase 1 (PSP 1) (PSPase 1) |Putative phosphoserine phosphatase 2 (PSP 2) (PSPase 2) |Phosphoserine phosphatase RsbX 
3.1.3.45	3-deoxy-D-manno-octulosonate 8-phosphate phosphatase KdsC 
3.1.3.48	Secreted effector protein SptP [Includes: GTPase-activating protein (GAP); Tyrosine-protein phosphatase |Protein ArsC (Arsenate reductase) |Tyrosine-protein phosphatase YopH |Low molecular weight protein-tyrosine-phosphatase Wzb |Probable low molecular weight protein-tyrosine-phosphatase (PTPase) |Tyrosine-protein phosphatase YwqE |Effector protein hopD2 
3.1.3.5	Pyrimidine 5'-nucleotidase YjjG |NAD 5'-nucleotidase (NadN) |5'-nucleotidase |GMP/IMP nucleotidase YrfG |Ribonucleotide monophosphatase NagD 
3.1.3.69	Glucosylglycerol-phosphate phosphatase (GGP-P) 
3.1.3.7	"Probable bifunctional oligoribonuclease and PAP phosphatase NrnA |"3'(2'),5'-bisphosphate nucleotidase CysQ |"Bifunctional oligoribonuclease and PAP phosphatase NrnA 
3.1.3.70	Glucosyl-3-phosphoglycerate/mannosyl-3-phosphoglycerate phosphatase (GpgP) (MpgP) |Glucosyl-3-phosphoglycerate phosphatase (GpgP) 
3.1.3.73	Adenosylcobalamin/alpha-ribazole phosphatase 
3.1.3.74	Pyridoxal phosphate phosphatase YbhA (PLP phosphatase) 
3.1.3.78	"Inositol phosphate phosphatase IpgD 
3.1.3.82	"D-glycero-beta-D-manno-heptose-1,7-bisphosphate 7-phosphatase 
3.1.3.83	"D-glycero-alpha-D-manno-heptose-1,7-bisphosphate 7-phosphatase 
3.1.3.87	2-hydroxy-3-keto-5-methylthiopentenyl-1-phosphate phosphatase (HK-MTPenyl-1-P phosphatase) 
3.1.3.89	5'-deoxynucleotidase YfbR 
3.1.3.92	Kanosamine-6-phosphate phosphatase 
3.1.3.97	"5'-3' exoribonuclease |"3',5'-nucleoside bisphosphate phosphatase 
3.1.31.1	Thermonuclease (TNase) 
3.1.4.1	Fanconi-associated nuclease 1 homolog (PaFAN1) (pFAN1) 
3.1.4.14	Acyl carrier protein phosphodiesterase (ACP phosphodiesterase) 
3.1.4.17	"3',5'-cyclic-nucleotide phosphodiesterase 
3.1.4.3	Phospholipase C (PLC) 
3.1.4.4	Phospholipase D (PLD) 
3.1.4.52	Cyclic di-GMP phosphodiesterase YhjH |Cyclic di-GMP phosphodiesterase Gmr |Cyclic di-GMP phosphodiesterase response regulator RpfG |Cyclic di-GMP phosphodiesterase PdeB |Cyclic di-GMP phosphodiesterase YfgF |"Oxygen sensor protein DosP |Putative cyclic di-GMP phosphodiesterase YliE |Putative cyclic-di-GMP phosphodiesterase YjcC |Cyclic di-GMP phosphodiesterase CdpA (c-di-GMP PDE) 
3.1.4.53	"3',5'-cyclic adenosine monophosphate phosphodiesterase CpdA (3',5'-cyclic AMP phosphodiesterase) (cAMP phosphodiesterase) 
3.1.4.55	"Phosphoribosyl 1,2-cyclic phosphodiesterase 
3.1.4.57	"Phosphoribosyl 1,2-cyclic phosphate 1,2-diphosphodiesterase 
3.1.5.1	Deoxyguanosinetriphosphate triphosphohydrolase (dGTP triphosphohydrolase) (dGTPase) 
3.1.6.1	Arylsulfatase (AS) |Arylsulfatase 
3.2.1.1	Alpha-amylase SusG |"Alpha-amylase 
3.2.1.122	6-phospho-alpha-glucosidase 1 
3.2.1.131	Extracellular xylan exo-alpha-(1->2)-glucuronosidase |Xylan alpha-(1->2)-glucuronosidase 
3.2.1.136	Glucuronoxylanase XynC 
3.2.1.14	Chitinase ChiA 
3.2.1.141	Malto-oligosyltrehalose trehalohydrolase (MTHase) 
3.2.1.15	Endo-polygalacturonase 
3.2.1.156	Reducing end xylose-releasing exo-oligoxylanase (Rex) |Reducing end xylose-releasing exo-oligoxylanase (RexA) 
3.2.1.157	Iota-carrageenase 
3.2.1.165	Exo-beta-D-glucosaminidase 
3.2.1.17	"Muramidase-2 |Lysozyme RrrD 
3.2.1.170	Mannosylglycerate hydrolase 
3.2.1.172	Unsaturated rhamnogalacturonyl hydrolase YesR (URH) |Unsaturated rhamnogalacturonyl hydrolase YteR (URH) 
3.2.1.176	"Cellulose 1,4-beta-cellobiosidase (reducing end) CelS 
3.2.1.177	Alpha-xylosidase 
3.2.1.178	Beta-porphyranase B |Beta-porphyranase A 
3.2.1.18	Sialidase A |Sialidase B 
3.2.1.180	Unsaturated chondroitin disaccharide hydrolase 
3.2.1.183	UDP-N-acetylglucosamine 2-epimerase 
3.2.1.184	"GDP/UDP-N,N'-diacetylbacillosamine 2-epimerase (hydrolyzing) |"UDP-N,N'-diacetylbacillosamine 2-epimerase (hydrolyzing) 
3.2.1.185	Non-reducing end beta-L-arabinofuranosidase 
3.2.1.187	Beta-L-arabinobiosidase 
3.2.1.20	Alpha-glucosidase YihQ 
3.2.1.22	Retaining alpha-galactosidase |Alpha-galactosidase A 
3.2.1.23	Beta-galactosidase LacZ (Beta-gal) |Beta-galactosidase YesZ (Beta-gal) |Beta-galactosidase (Beta-gal) |Beta-galactosidase BgaB (Beta-gal) |"Beta-galactosidase GanA (Beta-gal) |Beta-galactosidase BglY (Beta-gal) |Beta-galactosidase BgaA (Beta-gal) 
3.2.1.26	Beta-fructosidase 
3.2.1.28	"Trehalase 
3.2.1.3	"Glucan 1,4-alpha-glucosidase SusB 
3.2.1.31	Beta-glucuronidase (GUS) 
3.2.1.4	"Endoglucanase 1 |"Endoglucanase G 
3.2.1.41	"Pullulanase 
3.2.1.52	Beta-hexosaminidase 
3.2.1.54	Cyclomaltodextrinase 
3.2.1.55	"Arabinoxylan arabinofuranohydrolase (AXH) |Intracellular exo-alpha-(1->5)-L-arabinofuranosidase (ABF) |Intracellular exo-alpha-(1->5)-L-arabinofuranosidase 1 (ABF) |Intracellular exo-alpha-L-arabinofuranosidase 2 (ABF) 
3.2.1.58	"Exo-beta-1,3-glucanase 
3.2.1.64	"Levanbiose-producing levanase 
3.2.1.67	Alpha-galacturonidase 
3.2.1.70	"Glucan 1,6-alpha-glucosidase 
3.2.1.73	"Beta-glucanase 
3.2.1.78	"Mannan endo-1,4-beta-mannosidase 
3.2.1.8	"Endo-1,4-beta-xylanase A (Xylanase A) |"Endo-1,4-beta-xylanase Z (Xylanase Z) |"Endo-1,4-beta-xylanase A 
3.2.1.80	Levanase 
3.2.1.81	Beta-agarase B |Beta-agarase A |Beta-agarase D 
3.2.1.86	Aryl-phospho-beta-D-glucosidase BglC |6-phospho-beta-glucosidase BglB |6-phospho-beta-glucosidase GmuD |6-phospho-beta-glucosidase |6-phospho-beta-glucosidase BglA |Aryl-phospho-beta-D-glucosidase BglA |Aryl-phospho-beta-D-glucosidase BglH 
3.2.1.89	"Arabinogalactan endo-beta-1,4-galactanase 
3.2.1.96	Endo-beta-N-acetylglucosaminidase |Beta-N-acetylglucosaminidase 
3.2.1.97	Endo-alpha-N-acetylgalactosaminidase 
3.2.1.99	"Extracellular endo-alpha-(1->5)-L-arabinanase 2 (ABN) |"Extracellular endo-alpha-(1->5)-L-arabinanase (ABN) |"Extracellular endo-alpha-(1->5)-L-arabinanase 1 (ABN) 
3.2.2.20	"DNA-3-methyladenine glycosylase 1 
3.2.2.21	DNA-3-methyladenine glycosylase |"DNA-3-methyladenine glycosylase 2 
3.2.2.26	Futalosine hydrolase (FL hydrolase) 
3.2.2.27	Uracil-DNA glycosylase (UDG) 
3.2.2.28	G/U mismatch-specific DNA glycosylase 
3.2.2.4	AMP nucleosidase 
3.2.2.8	Pyrimidine-specific ribonucleoside hydrolase RihB 
3.2.2.9	5'-methylthioadenosine/S-adenosylhomocysteine nucleosidase (MTA/SAH nucleosidase) (MTAN) 
3.2.2.n1	Cytokinin riboside 5'-monophosphate phosphoribohydrolase 
3.3.1.1	Adenosylhomocysteinase 
3.3.2.1	"Vibriobactin-specific isochorismatase 
3.4.11.1	Aminopeptidase 
3.4.11.18	Methionine aminopeptidase (MAP) (MetAP) |Methionine aminopeptidase 2 (MAP 2) (MetAP 2) |Methionine aminopeptidase 1 (MAP 1) (MetAP 1) 
3.4.11.2	Aminopeptidase N 
3.4.11.24	Aminopeptidase S 
3.4.11.4	Peptidase T 
3.4.11.9	Xaa-Pro aminopeptidase 
3.4.13.18	Cytosol non-specific dipeptidase 
3.4.13.21	Peptidase E 
3.4.13.22	D-alanyl-D-alanine dipeptidase (D-Ala-D-Ala dipeptidase) 
3.4.13.9	Xaa-Pro dipeptidase (X-Pro dipeptidase) 
3.4.14.12	Prolyl tripeptidyl peptidase (PTP) 
3.4.15.5	Peptidyl-dipeptidase dcp 
3.4.15.6	Cyanophycinase 
3.4.16.4	D-alanyl-D-alanine carboxypeptidase DacC (DD-carboxypeptidase) (DD-peptidase) |D-alanyl-D-alanine carboxypeptidase DacB (DD-carboxypeptidase) (DD-peptidase) 
3.4.17.13	Murein tetrapeptide carboxypeptidase |Murein DD-endopeptidase MepS/Murein LD-carboxypeptidase 
3.4.17.19	Thermostable carboxypeptidase 1 |Carboxypeptidase 1 
3.4.17.n1	CysO-cysteine peptidase 
3.4.19.11	D-gamma-glutamyl-meso-diaminopimelic acid endopeptidase CwlS 
3.4.19.3	Pyrrolidone-carboxylate peptidase 
3.4.19.5	Isoaspartyl peptidase/L-asparaginase |Isoaspartyl peptidase 
3.4.21.102	Carboxy-terminal processing protease CtpB (C-terminal processing protease) 
3.4.21.105	Rhomboid protease GluP |Rhomboid protease GlpG 
3.4.21.107	Periplasmic pH-dependent serine endoprotease DegQ |Serine endoprotease DegS |Serine protease Do-like HtrA |Periplasmic serine endoprotease DegP 
3.4.21.116	SpoIVB peptidase 
3.4.21.19	Glutamyl endopeptidase 
3.4.21.53	Lon protease 
3.4.21.62	Subtilisin E 
3.4.21.88	LexA repressor 
3.4.21.89	Signal peptidase I S (SPase I) |Signal peptidase I (SPase I) 
3.4.21.92	ATP-dependent Clp protease proteolytic subunit 2 |ATP-dependent Clp protease proteolytic subunit |ATP-dependent Clp protease proteolytic subunit 1 
3.4.22.10	Streptopain 
3.4.22.37	Gingipain R2 
3.4.22.47	Lys-gingipain 
3.4.23.36	Lipoprotein signal peptidase 
3.4.23.48	Coagulase/fibrinolysin 
3.4.23.49	Protease 7 
3.4.24.26	Elastase 
3.4.24.30	Gelatinase 
3.4.24.68	Tetanus toxin 
3.4.24.69	Botulinum neurotoxin type A (BoNT/A) 
3.4.24.75	Glycyl-glycine endopeptidase LytM 
3.4.24.83	Lethal factor (LF) 
3.4.25.1	Proteasome subunit alpha |Proteasome subunit beta 
3.4.25.2	ATP-dependent protease subunit HslV 
3.5.1.1	Probable L-asparaginase (L-ASNase) |L-asparaginase 1 |L-asparaginase (L-ASNase) |L-asparaginase 2 
3.5.1.10	Formyltetrahydrofolate deformylase 
3.5.1.103	1D-myo-inositol 2-acetamido-2-deoxy-alpha-D-glucopyranoside deacetylase (GlcNAc-Ins deacetylase) 
3.5.1.104	Peptidoglycan-N-acetylglucosamine deacetylase (Peptidoglycan GlcNAc deacetylase) 
3.5.1.105	Chitooligosaccharide deacetylase ChbG (COD) 
3.5.1.106	N-formylmaleamate deformylase 
3.5.1.107	Maleamate amidohydrolase 
3.5.1.110	Peroxyureidoacrylate/ureidoacrylate amidohydrolase RutB 
3.5.1.115	Mycothiol S-conjugate amidase 
3.5.1.118	Gamma-glutamyl-hercynylcysteine sulfoxide hydrolase 
3.5.1.18	"Succinyl-diaminopimelate desuccinylase (SDAP desuccinylase) |Succinyl-diaminopimelate desuccinylase (SDAP desuccinylase) 
3.5.1.23	Neutral ceramidase (N-CDase) (NCDase) 
3.5.1.24	Choloylglycine hydrolase 
3.5.1.25	N-acetylglucosamine-6-phosphate deacetylase |N-acetylgalactosamine-6-phosphate deacetylase (GalNAc-6-P deacetylase) 
3.5.1.28	N-acetylmuramoyl-L-alanine amidase AmiB |N-acetylmuramoyl-L-alanine amidase AmiC |Germination-specific N-acetylmuramoyl-L-alanine amidase |N-acetylmuramoyl-L-alanine amidase AmiA |N-acetylmuramoyl-L-alanine amidase sle1 |Sporulation-specific N-acetylmuramoyl-L-alanine amidase |N-acetylmuramoyl-L-alanine amidase LytC 
3.5.1.29	2-(acetamidomethylene)succinate hydrolase 
3.5.1.42	Nicotinamide-nucleotide amidohydrolase PncC (NMN amidohydrolase PncC) 
3.5.1.44	Chemoreceptor glutamine deamidase CheD 
3.5.1.47	N-acetyldiaminopimelate deacetylase 
3.5.1.49	Formamidase 
3.5.1.5	Urease subunit alpha |Urease subunit beta |Urease subunit gamma 
3.5.1.88	Peptide deformylase (PDF) 
3.5.1.9	Kynurenine formamidase (KFA) (KFase) 
3.5.1.94	Gamma-glutamyl-gamma-aminobutyrate hydrolase PuuD (Gamma-Glu-GABA hydrolase) 
3.5.1.96	Succinylglutamate desuccinylase 
3.5.1.97	Acyl-homoserine lactone acylase QuiP (AHL acylase QuiP) (Acyl-HSL acylase QuiP) |Acyl-homoserine lactone acylase PvdQ (AHL acylase PvdQ) (Acyl-HSL acylase PvdQ) 
3.5.2.3	Dihydroorotase (DHOase) 
3.5.2.5	Allantoinase 
3.5.2.6	Ribonuclease J (RNase J) |Beta-lactamase HcpA |Beta-lactamase |Beta-lactamase HcpB 
3.5.3.1	Arginase 
3.5.3.11	Agmatinase 
3.5.3.17	Guanidinopropionase 
3.5.3.23	N-succinylarginine dihydrolase 
3.5.3.24	N(1)-aminopropylagmatine ureohydrolase 
3.5.3.26	(S)-ureidoglycine aminohydrolase (UGHY) (UGlyAH) 
3.5.3.7	Guanidinobutyrase 
3.5.4.1	Cytosine deaminase (CD) (CDA) (CDase) 
3.5.4.11	Pterin deaminase (PDA) 
3.5.4.13	Deoxycytidine triphosphate deaminase (dCTP deaminase) 
3.5.4.16	GTP cyclohydrolase 1 |GTP cyclohydrolase 1 type 2 |GTP cyclohydrolase FolE2 
3.5.4.2	Adenine deaminase (ADE) 
3.5.4.25	GTP cyclohydrolase-2 |Riboflavin biosynthesis protein VVA0006 [Includes: Riboflavin biosynthesis intermediates N-glycosidase 
3.5.4.3	Guanine deaminase (GDEase) (Guanase) (Guanine aminase) 
3.5.4.32	8-oxoguanine deaminase 
3.5.4.33	tRNA-specific adenosine deaminase 
3.5.4.4	Adenosine deaminase 
3.5.4.40	Aminodeoxyfutalosine deaminase (AFL deaminase) (Aminofutalosine deaminase) 
3.5.4.5	Cytidine deaminase (CDD) |Cytidine deaminase 
3.5.5.1	Nitrilase bll6402 |Nitrilase 
3.5.5.7	Nitrilase blr3397 
3.5.99.10	2-iminobutanoate/2-iminopropanoate deaminase 
3.5.99.2	Aminopyrimidine aminohydrolase 
3.5.99.6	Glucosamine-6-phosphate deaminase |D-galactosamine-6-phosphate deaminase AgaS (GalN-6-P deaminase) 
3.6.1.1	Putative K(+)-stimulated pyrophosphate-energized sodium pump |K(+)-insensitive pyrophosphate-energized proton pump |K(+)-stimulated pyrophosphate-energized sodium pump |Pyrophosphatase PpaX 
3.6.1.13	ADP-ribose pyrophosphatase 
3.6.1.15	Nucleoside-triphosphatase THEP1 (NTPase THEP1) 
3.6.1.17	"Bis(5'-nucleosyl)-tetraphosphatase PrpE [asymmetrical] 
3.6.1.19	dITP/XTP pyrophosphatase 
3.6.1.23	Deoxyuridine 5'-triphosphate nucleotidohydrolase (dUTPase) 
3.6.1.25	Inorganic triphosphatase (PPPase) 
3.6.1.27	Undecaprenyl-diphosphatase |Undecaprenyl-diphosphatase BcrC |Putative undecaprenyl-diphosphatase YbjG 
3.6.1.3	Stage IV sporulation protein A |ATP/GTP phosphatase (ATPase/GTPase) 
3.6.1.41	"Bis(5'-nucleosyl)-tetraphosphatase [symmetrical] 
3.6.1.54	"UDP-2,3-diacylglucosamine hydrolase 
3.6.1.55	"8-oxo-dGTP diphosphatase (8-oxo-dGTPase) |"Putative 8-oxo-dGTP diphosphatase 2 (8-oxo-dGTPase 2) |"Putative 8-oxo-dGTP diphosphatase YtkD (8-oxo-dGTPase) |"Probable 8-oxo-dGTP diphosphatase 1 (8-oxo-dGTPase 1) 
3.6.1.57	"UDP-2,4-diacetamido-2,4,6-trideoxy-beta-L-altropyranose hydrolase 
3.6.1.63	Alpha-D-ribose 1-methylphosphonate 5-triphosphate diphosphatase (RPnTP diphosphatase) 
3.6.1.65	CTP pyrophosphohydrolase 
3.6.1.67	Dihydroneopterin triphosphate diphosphatase 
3.6.1.7	Acylphosphatase 
3.6.1.8	Nucleoside triphosphate pyrophosphohydrolase (NTP-PPase) 
3.6.3.12	Potassium-transporting ATPase ATP-binding subunit 
3.6.3.14	ATP synthase subunit beta |V-type ATP synthase alpha chain |ATP synthase subunit alpha 
3.6.3.17	Xylose import ATP-binding protein XylG 
3.6.3.19	Maltose/maltodextrin import ATP-binding protein MalK 
3.6.3.20	sn-glycerol-3-phosphate import ATP-binding protein UgpC 
3.6.3.27	Phosphate-import ATP-binding protein PhnC 
3.6.3.31	Spermidine/putrescine import ATP-binding protein PotA 
3.6.3.32	Carnitine transport ATP-binding protein OpuCA |Glycine betaine/carnitine transport ATP-binding protein GbuA |Glycine betaine transport ATP-binding protein OpuAA 
3.6.3.34	Iron(3+)-hydroxamate import ATP-binding protein FhuC 
3.6.3.39	Protein glycosylation K 
3.6.3.40	Teichoic acids export ATP-binding protein TagH 
3.6.3.54	Probable copper-exporting P-type ATPase V |Copper-exporting P-type ATPase A (Protein CopA) |Copper-exporting P-type ATPase A |Probable copper-importing P-type ATPase A |Copper-exporting P-type ATPase B 
3.6.3.8	Calcium-transporting ATPase |Calcium-transporting ATPase 1 |Calcium-transporting ATPase lmo0841 
3.6.4.12	DNA helicase II |Holliday junction ATP-dependent DNA helicase RuvB |Holliday junction ATP-dependent DNA helicase RuvA |ATP-dependent DNA helicase RecG |ATP-dependent DNA helicase RecQ |ATP-dependent RecD-like DNA helicase |ATP-dependent helicase/nuclease subunit A |ATP-dependent DNA helicase Rep |ATP-dependent DNA helicase UvrD1 |Helicase IV |ATP-dependent helicase/deoxyribonuclease subunit B |ATP-dependent DNA helicase UvrD2 
3.6.4.13	ATP-dependent RNA helicase DeaD |ATP-dependent RNA helicase RhlE |DEAD-box ATP-dependent RNA helicase CshA |ATP-dependent RNA helicase SrmB |ATP-dependent RNA helicase DbpA |Probable ATP-dependent RNA helicase YfmL |DEAD-box ATP-dependent RNA helicase CshB |ATP-dependent RNA helicase RhlB 
3.6.5.5	Bacterial dynamin-like protein (BDLP) 
3.6.5.n1	Elongation factor 4 (EF-4) 
3.7.1.14	"2-hydroxy-6-oxononadienedioate/2-hydroxy-6-oxononatrienedioate hydrolase 
3.7.1.17	"4,5:9,10-diseco-3-hydroxy-5,9,17-trioxoandrosta-1(10),2-diene-4-oate hydrolase 
3.7.1.21	6-oxocyclohex-1-ene-1-carbonyl-CoA hydrolase (6-OCH-CoA hydrolase) 
3.7.1.22	"3D-(3,5/4)-trihydroxycyclohexane-1,2-dione hydrolase (THcHDO hydrolase) 
3.7.1.8	"2-hydroxy-6-oxo-6-phenylhexa-2,4-dienoate hydrolase (HOPDA hydrolase) 
3.8.1.3	Fluoroacetate dehalogenase 
3.8.1.5	Haloalkane dehalogenase 3 |Haloalkane dehalogenase 
3.9.1.2	Protein-arginine-phosphatase (PAP) 
4.1.1.1	Pyruvate decarboxylase (PDC) 
4.1.1.11	Aspartate 1-decarboxylase 
4.1.1.18	"Lysine decarboxylase, inducible (LDC) 
4.1.1.19	Pyruvoyl-dependent arginine decarboxylase AaxB (PvlArgDC) |Biodegradative arginine decarboxylase (ADC) 
4.1.1.2	Oxalate decarboxylase OxdC 
4.1.1.20	Diaminopimelate decarboxylase (DAP decarboxylase) (DAPDC) 
4.1.1.23	Orotidine 5'-phosphate decarboxylase 
4.1.1.3	Oxaloacetate decarboxylase 
4.1.1.31	Phosphoenolpyruvate carboxylase (PEPC) (PEPCase) 
4.1.1.32	Phosphoenolpyruvate carboxykinase [GTP] (PEP carboxykinase) (PEPCK) 
4.1.1.37	Uroporphyrinogen decarboxylase (UPD) (URO-D) 
4.1.1.39	Ribulose bisphosphate carboxylase (RuBisCO) |Ribulose bisphosphate carboxylase large chain (RuBisCO large subunit) 
4.1.1.41	Methylmalonyl-CoA decarboxylase (MMCD) 
4.1.1.47	Glyoxylate carboligase 
4.1.1.48	Indole-3-glycerol phosphate synthase (IGPS) 
4.1.1.49	Phosphoenolpyruvate carboxykinase [ATP] (PCK) (PEP carboxykinase) (PEPCK) 
4.1.1.50	S-adenosylmethionine decarboxylase proenzyme (AdoMetDC) (SAMDC) 
4.1.1.61	Phenolic acid decarboxylase subunit D (PAD) |4-hydroxybenzoate decarboxylase subunit C (4-hydroxybenzoate DC) (HBDC) |Phenolic acid decarboxylase subunit C (PAD) |Phenolic acid decarboxylase subunit B (PAD) 
4.1.1.70	Glutaconyl-CoA decarboxylase subunit alpha 
4.1.1.8	Oxalyl-CoA decarboxylase 
4.1.1.81	Threonine-phosphate decarboxylase 
4.1.1.85	3-keto-L-gulonate-6-phosphate decarboxylase UlaD |3-keto-L-gulonate-6-phosphate decarboxylase SgbH (KGPDC) 
4.1.1.87	Polyketide biosynthesis malonyl-ACP decarboxylase PksF 
4.1.2.13	"Fructose-bisphosphate aldolase (FBP aldolase) (FBPA) |"Fructose-bisphosphate aldolase class 2 (FBP aldolase) (FBPA) 
4.1.2.14	2-dehydro-3-deoxy-phosphogluconate aldolase 
4.1.2.17	L-fuculose phosphate aldolase 
4.1.2.19	Rhamnulose-1-phosphate aldolase 
4.1.2.20	5-keto-4-deoxy-D-glucarate aldolase (KDGluc aldolase) (KDGlucA) 
4.1.2.21	2-dehydro-3-deoxy-6-phosphogalactonate aldolase 
4.1.2.25	"Dihydroneopterin aldolase (DHNA) 
4.1.2.29	6-phospho-5-dehydro-2-deoxy-D-gluconate aldolase (DKGP aldolase) 
4.1.2.4	Deoxyribose-phosphate aldolase (DERA) 
4.1.2.40	"D-tagatose-1,6-bisphosphate aldolase subunit KbaY (TBPA) (TagBP aldolase) |"D-tagatose-1,6-bisphosphate aldolase subunit GatY (TBPA) (TagBP aldolase) 
4.1.2.50	"6-carboxy-5,6,7,8-tetrahydropterin synthase (CPH4 synthase) 
4.1.2.53	2-keto-3-deoxy-L-rhamnonate aldolase (KDR aldolase) 
4.1.2.57	Sulfofructosephosphate aldolase (SFP aldolase) 
4.1.3.1	Isocitrate lyase (ICL) |Isocitrate lyase 2 (ICL2) 
4.1.3.17	4-carboxy-4-hydroxy-2-oxoadipic acid aldolase (CHA aldolase) 
4.1.3.27	"Anthranilate synthase component 2, pyocyanine specific (AS) (ASII) |"Anthranilate synthase component 1, pyocyanine specific (AS) (ASI) |Anthranilate synthase component 1 (AS) (ASI) 
4.1.3.3	N-acetylneuraminate lyase (NAL) (Neu5Ac lyase) 
4.1.3.30	"2-methylisocitrate lyase (2-MIC) (MICL) 
4.1.3.36	"1,4-dihydroxy-2-naphthoyl-CoA synthase (DHNA-CoA synthase) 
4.1.3.38	Aminodeoxychorismate lyase 
4.1.3.39	4-hydroxy-2-oxovalerate aldolase (HOA) 
4.1.3.40	Chorismate pyruvate-lyase 
4.1.3.46	(R)-citramalyl-CoA lyase 
4.1.99.1	Tryptophanase 
4.1.99.12	"3,4-dihydroxy-2-butanone 4-phosphate synthase (DHBP synthase) 
4.1.99.13	(6-4) photolyase 
4.1.99.14	Spore photoproduct lyase 
4.1.99.17	Phosphomethylpyrimidine synthase 
4.1.99.18	Cyclic pyranopterin monophosphate synthase 
4.1.99.19	2-iminoacetate synthase 
4.1.99.3	Deoxyribodipyrimidine photo-lyase 
4.1.99.5	Aldehyde decarbonylase (AD) 
4.2.1.1	Carbonic anhydrase 2 (Beta-CA 2) |Carbonic anhydrase 1 |Beta-carbonic anhydrase 1 (Beta-CA 1) |Carbonic anhydrase 2 
4.2.1.10	3-dehydroquinate dehydratase (3-dehydroquinase) |3-dehydroquinate dehydratase (3-dehydroquinase) (DHQD) 
4.2.1.104	Cyanate hydratase (Cyanase) 
4.2.1.109	Methylthioribulose-1-phosphate dehydratase (MTRu-1-P dehydratase) 
4.2.1.11	Enolase 
4.2.1.113	o-succinylbenzoate synthase (OSB synthase) (OSBS) 
4.2.1.115	"UDP-N-acetylglucosamine 4,6-dehydratase (inverting) 
4.2.1.118	3-dehydroshikimate dehydratase (3-DHS dehydratase) (DHSase) 
4.2.1.119	"(R)-specific enoyl-CoA hydratase 
4.2.1.126	N-acetylmuramic acid 6-phosphate etherase (MurNAc-6-P etherase) 
4.2.1.130	Molecular chaperone Hsp31 and glyoxalase 3 
4.2.1.131	"Acyclic carotenoid 1,2-hydratase 
4.2.1.135	"UDP-N-acetyl-alpha-D-glucosamine C6 dehydratase (UDP-GlcNAc C6 dehydratase) 
4.2.1.137	Sporulenol synthase 
4.2.1.144	3-amino-5-hydroxybenzoate synthase (AHBA synthase) 
4.2.1.147	"5,6,7,8-tetrahydromethanopterin hydro-lyase 
4.2.1.148	Mesaconyl-CoA hydratase |Beta-methylmalyl-CoA dehydratase 
4.2.1.149	Carnitinyl-CoA dehydratase 
4.2.1.150	Short-chain-enoyl-CoA hydratase 
4.2.1.151	Chorismate dehydratase 
4.2.1.153	Mesaconyl-C(4)-CoA hydratase 
4.2.1.155	Methylthioacryloyl-CoA hydratase 
4.2.1.17	"2,3-dehydroadipyl-CoA hydratase |Probable enoyl-CoA hydratase echA6 |Probable enoyl-CoA hydratase echA8 |Probable enoyl-CoA hydratase 1 
4.2.1.2	Fumarate hydratase class II (Fumarase C) 
4.2.1.20	Tryptophan synthase alpha chain |Tryptophan synthase beta chain 
4.2.1.24	Delta-aminolevulinic acid dehydratase (ALAD) (ALADH) 
4.2.1.28	Propanediol dehydratase large subunit |Propanediol dehydratase medium subunit 
4.2.1.3	Aconitate hydratase A (ACN) (Aconitase) 
4.2.1.36	Homoaconitase small subunit (HACN) |Homoaconitase large subunit (HACN) 
4.2.1.39	D-galactonate dehydratase family member SBI_01856 |D-galactonate dehydratase family member RspA 
4.2.1.40	Glucarate dehydratase (GDH) (GlucD) 
4.2.1.42	L-talarate/galactarate dehydratase (TalrD/GalrD) |D-galactarate dehydratase (GalcD) 
4.2.1.44	Inosose dehydratase 
4.2.1.45	"CDP-glucose 4,6-dehydratase 
4.2.1.46	"dTDP-glucose 4,6-dehydratase |"dTDP-glucose 4,6-dehydratase 2 
4.2.1.47	"GDP-mannose 4,6-dehydratase 
4.2.1.53	Oleate hydratase 
4.2.1.59	3-hydroxyacyl-[acyl-carrier-protein] dehydratase FabZ 
4.2.1.6	D-galactonate dehydratase (GalD) 
4.2.1.68	L-fuconate dehydratase (FucD) 
4.2.1.7	Altronate dehydratase 
4.2.1.70	Pseudouridine-5'-phosphate glycosidase (PsiMP glycosidase) 
4.2.1.77	Protein Spea_1705 |Probable trans-3-hydroxy-L-proline dehydratase (T3LHyp dehydratase) (t3HypD) |Trans-3-hydroxy-L-proline dehydratase (T3LHyp dehydratase) (t3HypD) 
4.2.1.8	D-mannonate dehydratase CC2812 (ManD) |Mannonate dehydratase |D-mannonate dehydratase (ManD) |D-galactonate dehydratase family member Ent638_1932 |D-galactonate dehydratase family member RspA |D-mannonate dehydratase Caul1427 (ManD) |D-mannonate dehydratase CC0532 (ManD) |D-galactonate dehydratase family member PC1_0802 |D-mannonate dehydratase Caul1835 (ManD) |D-galactonate dehydratase family member Mmwyl1_0037 
4.2.1.80	2-keto-4-pentenoate hydratase 
4.2.1.81	D(-)-tartrate dehydratase 
4.2.1.83	4-oxalmesaconate hydratase (OMA hydratase) 
4.2.1.90	L-rhamnonate dehydratase (RhamD) 
4.2.1.96	Putative pterin-4-alpha-carbinolamine dehydratase (PHS) 
4.2.2.1	Hyaluronate lyase 
4.2.2.2	Pectate lyase L 
4.2.2.21	Chondroitin sulfate ABC exolyase 
4.2.2.22	Pectate trisaccharide-lyase 
4.2.2.23	Rhamnogalacturonan endolyase YesW 
4.2.2.5	Chondroitinase-AC 
4.2.2.8	Heparin-sulfate lyase 
4.2.3.1	Threonine synthase (TS) 
4.2.3.118	2-methylisoborneol synthase (2-MIB synthase) 
4.2.3.130	Tetraprenyl-beta-curcumene synthase 
4.2.3.3	Methylglyoxal synthase (MGS) 
4.2.3.37	Epi-isozizaene synthase (EIZS) 
4.2.3.4	3-dehydroquinate synthase 
4.2.3.5	Chorismate synthase (CS) 
4.2.3.7	Pentalenene synthase (PS) 
4.2.3.90	Germacrene A synthase 
4.2.3.96	Avermitilol synthase 
4.2.3.97	(-)-delta-cadinene synthase 
4.2.3.98	(+)-T-muurolol synthase 
4.2.99.18	Endonuclease 8 1 (DNA glycosylase/AP lyase Nei 1) |Endonuclease III |Endonuclease 8 (DNA glycosylase/AP lyase Nei) 
4.2.99.20	"2-succinyl-6-hydroxy-2,4-cyclohexadiene-1-carboxylate synthase (SHCHC synthase) 
4.3.1.1	Aspartate ammonia-lyase (Aspartase) 
4.3.1.14	3-aminobutyryl-CoA ammonia lyase (3-aminobutyryl-CoA deaminase) 
4.3.1.15	"Diaminopropionate ammonia-lyase (DAPAL) 
4.3.1.19	L-threonine dehydratase biosynthetic IlvA 
4.3.1.2	Methylaspartate ammonia-lyase 1 (MAL) 
4.3.1.23	Tyrosine ammonia-lyase 
4.3.1.24	Phenylalanine ammonia-lyase 
4.3.1.29	D-glucosaminate-6-phosphate ammonia lyase 
4.3.2.1	Argininosuccinate lyase (ASAL) 
4.3.2.2	Adenylosuccinate lyase (ASL) 
4.3.2.3	Ureidoglycolate lyase 
4.3.3.6	Pyridoxal 5'-phosphate synthase subunit PdxS (PLP synthase subunit PdxS) 
4.3.3.7	4-hydroxy-tetrahydrodipicolinate synthase (HTPA synthase) 
4.3.99.3	7-carboxy-7-deazaguanine synthase (CDG synthase) 
4.4.1.15	D-cysteine desulfhydrase 
4.4.1.21	S-ribosylhomocysteine lyase 
4.4.1.24	(2R)-sulfolactate sulfo-lyase subunit beta |(2R)-sulfolactate sulfo-lyase subunit alpha 
4.4.1.25	L-cysteate sulfo-lyase 
4.4.1.3	Dimethlysulfonioproprionate lyase DddP (DMSP lyase) |Dimethlysulfonioproprionate lyase DddW (DMSP lyase) 
4.4.1.5	Lactoylglutathione lyase 
4.4.1.8	Cystathionine beta-lyase MetC (CBL) 
4.6.1.1	Adenylate cyclase 
4.6.1.12	"2-C-methyl-D-erythritol 2,4-cyclodiphosphate synthase (MECDP-synthase) (MECPP-synthase) (MECPS) 
4.6.1.13	1-phosphatidylinositol phosphodiesterase 
4.7.1.1	Alpha-D-ribose 1-methylphosphonate 5-phosphate C-P lyase (PRPn C-P lyase) 
4.99.1.1	Ferrochelatase |Ferrochelatase 1 
5.1.1.1	"Alanine racemase, biosynthetic |Alanine racemase |Alanine racemase 1 |"Alanine racemase, catabolic 
5.1.1.13	Aspartate racemase 
5.1.1.20	L-Ala-D/L-Glu epimerase (AE epimerase) (AEE) 
5.1.1.3	Glutamate racemase |Glutamate racemase 1 
5.1.1.5	Lysine racemase 
5.1.1.7	Diaminopimelate epimerase (DAP epimerase) 
5.1.1.8	4-hydroxyproline 2-epimerase (4Hyp 2-epimerase) (4HypE) |4-hydroxyproline 2-epimerase 1 (4Hyp 2-epimerase 1) (4HypE 1) |Protein BMEI1586 |4-hydroxyproline 2-epimerase 2 (4Hyp 2-epimerase 2) (4HypE 2) |Protein Csal_2339 |4-hydroxyproline epimerase 
5.1.3.1	Ribulose-phosphate 3-epimerase 
5.1.3.11	Cellobiose 2-epimerase (CE) 
5.1.3.13	"dTDP-4-dehydrorhamnose 3,5-epimerase 
5.1.3.14	UDP-N-acetylglucosamine 2-epimerase 
5.1.3.2	UDP-glucose 4-epimerase 
5.1.3.20	ADP-L-glycero-D-manno-heptose-6-epimerase 
5.1.3.22	L-ribulose-5-phosphate 3-epimerase UlaE 
5.1.3.23	"UDP-2,3-diacetamido-2,3-dideoxy-D-glucuronate 2-epimerase (UDP-alpha-D-GlcNAc3NAcA 2-epimerase) 
5.1.3.24	N-acetylneuraminate epimerase 
5.1.3.25	dTDP-L-rhamnose 4-epimerase 
5.1.3.26	"N-acetyl-alpha-D-glucosaminyl-diphospho-ditrans,octacis-undecaprenol 4-epimerase 
5.1.3.29	L-fucose mutarotase 
5.1.3.32	L-rhamnose mutarotase 
5.1.3.4	L-ribulose-5-phosphate 4-epimerase UlaF |L-ribulose-5-phosphate 4-epimerase SgbE |L-ribulose-5-phosphate 4-epimerase 
5.2.1.8	FKBP-type peptidyl-prolyl cis-trans isomerase SlyD (PPIase) |Peptidyl-prolyl cis-trans isomerase C (PPIase C) |Trigger factor (TF) |Chaperone SurA (Peptidyl-prolyl cis-trans isomerase SurA) (PPIase SurA) |Peptidyl-prolyl cis-trans isomerase A (PPIase A) |Peptidyl-prolyl cis-trans isomerase B (PPIase B) |Putative peptidyl-prolyl cis-trans isomerase Cbf2 (PPIase Cbf2) |Foldase protein PrsA 
5.3.1.1	Triosephosphate isomerase (TIM) 
5.3.1.13	Arabinose 5-phosphate isomerase KdsD (API) (L-API) |Arabinose 5-phosphate isomerase KpsF (API) |Arabinose 5-phosphate isomerase KdsD (API) |Arabinose 5-phosphate isomerase GutQ (API) (G-API) 
5.3.1.14	L-rhamnose isomerase 
5.3.1.16	1-(5-phosphoribosyl)-5-[(5-phosphoribosylamino)methylideneamino] imidazole-4-carboxamide isomerase 
5.3.1.17	4-deoxy-L-threo-5-hexosulose-uronate ketol-isomerase 
5.3.1.22	Hydroxypyruvate isomerase 
5.3.1.23	Methylthioribose-1-phosphate isomerase (M1Pi) (MTR-1-P isomerase) 
5.3.1.24	N-(5'-phosphoribosyl)anthranilate isomerase (PRAI) 
5.3.1.28	Phosphoheptose isomerase 
5.3.1.30	5-deoxy-glucuronate isomerase (5DG isomerase) 
5.3.1.31	Sulfoquinovose isomerase (SQ isomerase) 
5.3.1.5	Xylose isomerase 
5.3.1.6	Ribose-5-phosphate isomerase A |Ribose-5-phosphate isomerase B 
5.3.1.8	Probable mannose-6-phosphate isomerase GmuF |Mannose-6-phosphate isomerase 
5.3.1.9	Glucose-6-phosphate isomerase (GPI) 
5.3.2.5	"2,3-diketo-5-methylthiopentyl-1-phosphate enolase (DK-MTP-1-P enolase) 
5.3.2.6	"2-hydroxymuconate tautomerase 
5.3.2.8	4-oxalomesaconate tautomerase 
5.3.3.14	Trans-2-decenoyl-[acyl-carrier-protein] isomerase 
5.3.3.18	"1,2-epoxyphenylacetyl-CoA isomerase 
5.3.3.2	Isopentenyl-diphosphate Delta-isomerase (IPP isomerase) |Isopentenyl-diphosphate delta-isomerase (IPP isomerase) 
5.3.99.10	Thiazole tautomerase 
5.3.99.11	Inosose isomerase 
5.4.1.3	2-methylfumaryl-CoA isomerase 
5.4.2.10	Phosphoglucosamine mutase 
5.4.2.11	"2,3-bisphosphoglycerate-dependent phosphoglycerate mutase (BPG-dependent PGAM) (PGAM) (Phosphoglyceromutase) (dPGM) 
5.4.2.12	"2,3-bisphosphoglycerate-independent phosphoglycerate mutase (BPG-independent PGAM) (Phosphoglyceromutase) (iPGM) 
5.4.2.2	Phosphoglucomutase (PGM) 
5.4.2.6	Beta-phosphoglucomutase (Beta-PGM) 
5.4.3.2	"L-lysine 2,3-aminomutase (LAM) 
5.4.3.3	"L-beta-lysine 5,6-aminomutase alpha subunit |"L-beta-lysine 5,6-aminomutase beta subunit 
5.4.3.4	"D-lysine 5,6-aminomutase beta subunit (5,6-LAM) |"D-lysine 5,6-aminomutase alpha subunit (5,6-LAM) 
5.4.3.5	"D-ornithine 4,5-aminomutase subunit beta |"D-ornithine 4,5-aminomutase subunit alpha 
5.4.3.8	"Glutamate-1-semialdehyde 2,1-aminomutase (GSA) 
5.4.3.9	"Glutamate 2,3-aminomutase 
5.4.4.2	Salicylate biosynthesis isochorismate synthase |Isochorismate synthase MenF |Isochorismate synthase EntC 
5.4.4.3	3-hydroxylaminophenol mutase (3HAP mutase) 
5.4.99.12	tRNA pseudouridine synthase A 
5.4.99.18	N5-carboxyaminoimidazole ribonucleotide mutase (N5-CAIR mutase) 
5.4.99.19	Ribosomal small subunit pseudouridine synthase A 
5.4.99.2	Methylmalonyl-CoA mutase (MCM) 
5.4.99.20	Ribosomal large subunit pseudouridine synthase E 
5.4.99.21	Ribosomal large subunit pseudouridine synthase F 
5.4.99.22	Ribosomal large subunit pseudouridine synthase B 
5.4.99.23	Ribosomal large subunit pseudouridine synthase D 
5.4.99.25	tRNA pseudouridine synthase B 
5.4.99.26	tRNA pseudouridine synthase C 
5.4.99.27	tRNA pseudouridine synthase D 
5.4.99.5	Secreted chorismate mutase (CM) |Intracellular chorismate mutase (CM) |Monofunctional chorismate mutase |Secreted chorismate mutase (*MtCM) (CM) |Chorismate mutase AroH (CM) 
5.4.99.62	D-ribose pyranase 
5.4.99.9	UDP-galactopyranose mutase (UGM) 
5.5.1.16	Type B diterpene cyclase 
5.5.1.2	"3-carboxy-cis,cis-muconate cycloisomerase 
5.5.1.25	"3,6-anhydro-alpha-L-galactonate cycloisomerase (AHGA cycloisomerase) 
5.5.1.7	Chloromuconate cycloisomerase 
5.99.1.2	DNA topoisomerase 3 |DNA topoisomerase 1 
5.99.1.3	DNA topoisomerase 4 subunit A |DNA topoisomerase 4 subunit B |DNA gyrase subunit A |DNA gyrase subunit B 
6.1.1.1	Tyrosine--tRNA ligase 
6.1.1.10	Methionine--tRNA ligase 
6.1.1.11	Serine--tRNA ligase 
6.1.1.12	Aspartate--tRNA(Asp) ligase |Aspartate--tRNA ligase 
6.1.1.13	D-alanine--poly(phosphoribitol) ligase subunit 1 
6.1.1.15	Proline--tRNA ligase 
6.1.1.17	Glutamate--tRNA ligase 2 |Glutamate--tRNA ligase |Glutamate--tRNA ligase 1 
6.1.1.18	Glutamine--tRNA ligase 
6.1.1.19	Arginine--tRNA ligase 
6.1.1.2	Tryptophan--tRNA ligase 2 |Tryptophan--tRNA ligase 
6.1.1.20	Phenylalanine--tRNA ligase beta subunit |Phenylalanine--tRNA ligase alpha subunit 
6.1.1.23	Aspartate--tRNA(Asp/Asn) ligase 
6.1.1.3	Threonine--tRNA ligase 
6.1.1.5	Isoleucine--tRNA ligase 
6.1.1.6	Lysine--tRNA ligase |"Lysine--tRNA ligase, heat inducible 
6.1.1.7	Alanine--tRNA ligase 
6.2.1.1	Acetyl-coenzyme A synthetase (AcCoA synthetase) (Acs) 
6.2.1.20	Long-chain-fatty-acid--[acyl-carrier-protein] ligase MbtM 
6.2.1.26	2-succinylbenzoate--CoA ligase 
6.2.1.3	Probable long-chain-fatty-acid--CoA ligase FadD23 (FACL) |Long-chain-fatty-acid--CoA ligase FadD13 |Long-chain-fatty-acid--CoA ligase |Long-chain-fatty-acid--CoA ligase FadD15 (FACL) |Long-chain-fatty-acid--CoA ligase FadD17 (FACL) 
6.2.1.30	Phenylacetate-coenzyme A ligase 
6.2.1.32	Anthranilate--CoA ligase 
6.2.1.41	"3-[(3aS,4S,7aS)-7a-methyl-1,5-dioxo-octahydro-1H-inden-4-yl]propanoyl:CoA ligase (HIP:CoA ligase) 
6.2.1.44	3-methylmercaptopropionyl-CoA ligase (MMPA-CoA ligase) 
6.2.1.5	Succinyl-CoA ligase [ADP-forming] subunit alpha |Succinyl-CoA ligase [ADP-forming] subunit beta 
6.2.1.n2	Amino acid--[acyl-carrier-protein] ligase 2 |Amino acid--[acyl-carrier-protein] ligase |Amino acid--[acyl-carrier-protein] ligase 1 
6.3.1.1	Aspartate--ammonia ligase 
6.3.1.11	Gamma-glutamylputrescine synthetase PuuA (Gamma-Glu-Put synthetase) 
6.3.1.12	D-aspartate ligase 
6.3.1.2	Glutamine synthetase 1 |Glutamine synthetase 
6.3.2.1	Pantothenate synthetase (PS) 
6.3.2.10	UDP-N-acetylmuramoyl-tripeptide--D-alanyl-D-alanine ligase 
6.3.2.13	"UDP-N-acetylmuramoyl-L-alanyl-D-glutamate--2,6-diaminopimelate ligase 
6.3.2.2	Glutamate--cysteine ligase EgtA |Putative glutamate--cysteine ligase 2 
6.3.2.28	Alanine-anticapsin ligase BacD 
6.3.2.3	Glutathione synthetase 
6.3.2.4	D-alanine--D-alanine ligase A |D-alanine--D-alanine ligase B |D-alanine--D-alanine ligase 
6.3.2.43	Alpha-aminoadipate--LysW ligase LysX (AAA--LysW ligase LysX) 
6.3.2.45	"UDP-N-acetylmuramate--L-alanyl-gamma-D-glutamyl-meso-2,6-diaminoheptandioate ligase 
6.3.2.7	UDP-N-acetylmuramoyl-L-alanyl-D-glutamate--L-lysine ligase 
6.3.2.8	UDP-N-acetylmuramate--L-alanine ligase 
6.3.2.9	UDP-N-acetylmuramoylalanine--D-glutamate ligase 
6.3.2.n2	Pup--protein ligase 
6.3.3.2	"5-formyltetrahydrofolate cyclo-ligase |"5-formyltetrahydrofolate cyclo-ligase (5-FCL) 
6.3.3.3	ATP-dependent dethiobiotin synthetase BioD |ATP-dependent dethiobiotin synthetase BioD 1 
6.3.4.15	Bifunctional ligase/repressor BirA (Biotin operon repressor) (Biotin--[acetyl-CoA-carboxylase] ligase) 
6.3.4.18	N5-carboxyaminoimidazole ribonucleotide synthase (N5-CAIR synthase) 
6.3.4.19	tRNA(Ile)-lysidine synthase 
6.3.4.20	7-cyano-7-deazaguanine synthase 
6.3.4.21	Nicotinate phosphoribosyltransferase (NAPRTase) |Nicotinate phosphoribosyltransferase pncB2 (NAPRTase pncB2) |Nicotinate phosphoribosyltransferase pncB1 (NAPRTase pncB1) 
6.3.4.4	Adenylosuccinate synthetase (AMPSase) (AdSS) 
6.3.4.5	Argininosuccinate synthase 
6.3.5.11	"Cobyrinate a,c-diamide synthase 
6.3.5.2	GMP synthase [glutamine-hydrolyzing] 
6.3.5.3	Phosphoribosylformylglycinamidine synthase subunit PurL (FGAM synthase) |Phosphoribosylformylglycinamidine synthase subunit PurS (FGAM synthase) |Phosphoribosylformylglycinamidine synthase (FGAM synthase) (FGAMS) 
6.3.5.4	Asparagine synthetase B [glutamine-hydrolyzing] (AS-B) 
6.3.5.5	Carbamoyl-phosphate synthase small chain 
6.3.5.7	Glutamyl-tRNA(Gln) amidotransferase subunit A (Glu-ADT subunit A) 
6.4.1.2	Acetyl-coenzyme A carboxylase carboxyl transferase subunit alpha (ACCase subunit alpha) (Acetyl-CoA carboxylase carboxyltransferase subunit alpha) |Acetyl-coenzyme A carboxylase carboxyl transferase subunit beta (ACCase subunit beta) (Acetyl-CoA carboxylase carboxyltransferase subunit beta) 
6.4.1.3	Probable propionyl-CoA carboxylase beta chain 5 (PCCase) 
6.4.1.6	Acetone carboxylase beta subunit |Acetone carboxylase alpha subunit |Acetone carboxylase gamma subunit 
6.4.1.8	Acetophenone carboxylase gamma subunit |Acetophenone carboxylase alpha subunit |Acetophenone carboxylase delta subunit |Acetophenone carboxylase epsilon subunit |Acetophenone carboxylase beta subunit 
6.5.1.1	Multifunctional non-homologous end joining protein LigD (NHEJ DNA polymerase) [Includes: 3'-phosphoesterase (3'-ribonuclease/3'-phosphatase); DNA ligase D (LigD) |DNA ligase B (LigB) |Multifunctional non-homologous end joining DNA repair protein LigD (NHEJ DNA repair protein D) (Mt-Lig) (NHEJ DNA polymerase) [Includes: DNA repair polymerase (Pol) (Polymerase/primase); 3'-phosphoesterase (3'-ribonuclease/3'-phosphatase) (PE); DNA ligase (Lig) |DNA ligase C1 
6.5.1.2	DNA ligase B |DNA ligase |DNA ligase A |DNA ligase A (LigA) 
6.5.1.4	RNA 3'-terminal phosphate cyclase (RNA cyclase) (RNA-3'-phosphate cyclase) 
6.6.1.1	Magnesium-chelatase 38 kDa subunit 
